datetime,PV voltage,PV current,PV power L,PV power H,battery voltage,battery current,battery power L,battery power H,load voltage,load current,load power,battery percentage
2021-01-12 00:00:17.116037,0.07,0.0,0.0,0.0,11.86,0.0,0.0,0.0,11.86,0.3,3.55,0.29
2021-01-12 00:02:29.619435,0.07,0.0,0.0,0.0,11.86,0.0,0.0,0.0,11.86,0.27,3.2,0.29
2021-01-12 00:04:29.836131,0.07,0.0,0.0,0.0,11.88,0.0,0.0,0.0,11.88,0.26,3.08,0.29
2021-01-12 00:06:30.042299,0.07,0.0,0.0,0.0,11.88,0.0,0.0,0.0,11.88,0.26,3.08,0.29
2021-01-12 00:08:30.246001,0.07,0.0,0.0,0.0,11.88,0.0,0.0,0.0,11.88,0.26,3.08,0.29
2021-01-12 00:10:30.453527,0.07,0.0,0.0,0.0,11.88,0.0,0.0,0.0,11.88,0.26,3.08,0.29
2021-01-12 00:12:30.666777,0.07,0.0,0.0,0.0,11.86,0.0,0.0,0.0,11.86,0.27,3.2,0.29
2021-01-12 00:14:30.874743,0.07,0.0,0.0,0.0,11.86,0.0,0.0,0.0,11.86,0.27,3.2,0.29
2021-01-12 00:16:31.086069,0.07,0.0,0.0,0.0,11.86,0.0,0.0,0.0,11.86,0.26,3.08,0.29
2021-01-12 00:18:31.302873,0.07,0.0,0.0,0.0,11.86,0.0,0.0,0.0,11.86,0.26,3.08,0.29
2021-01-12 00:20:31.515421,0.07,0.0,0.0,0.0,11.86,0.0,0.0,0.0,11.86,0.26,3.08,0.29
2021-01-12 00:22:31.721891,0.07,0.0,0.0,0.0,11.86,0.0,0.0,0.0,11.86,0.27,3.2,0.29
2021-01-12 00:24:31.928715,0.07,0.0,0.0,0.0,11.86,0.0,0.0,0.0,11.86,0.25,2.96,0.29
2021-01-12 00:26:32.124924,0.07,0.0,0.0,0.0,11.86,0.0,0.0,0.0,11.86,0.26,3.08,0.29
2021-01-12 00:28:32.333816,0.07,0.0,0.0,0.0,11.86,0.0,0.0,0.0,11.86,0.26,3.08,0.29
2021-01-12 00:30:32.537813,0.07,0.0,0.0,0.0,11.86,0.0,0.0,0.0,11.86,0.26,3.08,0.29
2021-01-12 00:32:32.745457,0.07,0.0,0.0,0.0,11.86,0.0,0.0,0.0,11.86,0.26,3.08,0.29
2021-01-12 00:34:32.953564,0.07,0.0,0.0,0.0,11.86,0.0,0.0,0.0,11.86,0.25,2.96,0.29
2021-01-12 00:36:33.162512,0.07,0.0,0.0,0.0,11.86,0.0,0.0,0.0,11.86,0.25,2.96,0.29
2021-01-12 00:38:33.372461,0.07,0.0,0.0,0.0,11.86,0.0,0.0,0.0,11.86,0.25,2.96,0.29
2021-01-12 00:40:33.576124,0.07,0.0,0.0,0.0,11.86,0.0,0.0,0.0,11.86,0.26,3.08,0.29
2021-01-12 00:42:33.783760,0.07,0.0,0.0,0.0,11.86,0.0,0.0,0.0,11.86,0.26,3.08,0.29
2021-01-12 00:44:33.988739,0.07,0.0,0.0,0.0,11.86,0.0,0.0,0.0,11.86,0.26,3.08,0.29
2021-01-12 00:46:34.188993,0.07,0.0,0.0,0.0,11.84,0.0,0.0,0.0,11.84,0.25,2.96,0.28
2021-01-12 00:48:34.399129,0.07,0.0,0.0,0.0,11.85,0.0,0.0,0.0,11.85,0.25,2.96,0.28
2021-01-12 00:50:34.609309,0.07,0.0,0.0,0.0,11.85,0.0,0.0,0.0,11.85,0.26,3.08,0.28
2021-01-12 00:52:34.815761,0.07,0.0,0.0,0.0,11.85,0.0,0.0,0.0,11.85,0.26,3.08,0.28
2021-01-12 00:54:35.028516,0.07,0.0,0.0,0.0,11.85,0.0,0.0,0.0,11.85,0.26,3.08,0.28
2021-01-12 00:56:35.228758,0.07,0.0,0.0,0.0,11.85,0.0,0.0,0.0,11.85,0.26,3.08,0.28
2021-01-12 00:58:35.438990,0.07,0.0,0.0,0.0,11.85,0.0,0.0,0.0,11.85,0.25,2.96,0.28
2021-01-12 01:00:35.581873,0.07,0.0,0.0,0.0,11.85,0.0,0.0,0.0,11.85,0.25,2.96,0.28
2021-01-12 01:02:35.797190,0.07,0.0,0.0,0.0,11.85,0.0,0.0,0.0,11.85,0.26,3.08,0.28
2021-01-12 01:04:36.008702,0.07,0.0,0.0,0.0,11.83,0.0,0.0,0.0,11.83,0.26,3.07,0.28
2021-01-12 01:06:36.222749,0.07,0.0,0.0,0.0,11.83,0.0,0.0,0.0,11.83,0.26,3.07,0.28
2021-01-12 01:08:36.434337,0.07,0.0,0.0,0.0,11.83,0.0,0.0,0.0,11.83,0.25,2.95,0.28
2021-01-12 01:10:36.643554,0.07,0.0,0.0,0.0,11.84,0.0,0.0,0.0,11.84,0.27,3.19,0.28
2021-01-12 01:12:36.860443,0.07,0.0,0.0,0.0,11.84,0.0,0.0,0.0,11.84,0.27,3.19,0.28
2021-01-12 01:14:37.057999,0.07,0.0,0.0,0.0,11.84,0.0,0.0,0.0,11.84,0.26,3.07,0.28
2021-01-12 01:16:37.242834,0.07,0.0,0.0,0.0,11.84,0.0,0.0,0.0,11.84,0.25,2.96,0.28
2021-01-12 01:18:37.454905,0.07,0.0,0.0,0.0,11.82,0.0,0.0,0.0,11.82,0.26,3.07,0.27
2021-01-12 01:20:37.668313,0.07,0.0,0.0,0.0,11.84,0.0,0.0,0.0,11.84,0.26,3.07,0.28
2021-01-12 01:22:37.880572,0.07,0.0,0.0,0.0,11.84,0.0,0.0,0.0,11.84,0.27,3.19,0.28
2021-01-12 01:24:38.064294,0.07,0.0,0.0,0.0,11.82,0.0,0.0,0.0,11.82,0.25,2.95,0.27
2021-01-12 01:26:38.270294,0.07,0.0,0.0,0.0,11.82,0.0,0.0,0.0,11.82,0.25,2.95,0.27
2021-01-12 01:28:38.471473,0.07,0.0,0.0,0.0,11.82,0.0,0.0,0.0,11.82,0.25,2.95,0.27
2021-01-12 01:30:38.676586,0.07,0.0,0.0,0.0,11.82,0.0,0.0,0.0,11.82,0.25,2.95,0.27
2021-01-12 01:32:38.897836,0.07,0.0,0.0,0.0,11.82,0.0,0.0,0.0,11.82,0.26,3.07,0.27
2021-01-12 01:34:39.110441,0.07,0.0,0.0,0.0,11.82,0.0,0.0,0.0,11.82,0.26,3.07,0.27
2021-01-12 01:36:39.324368,0.07,0.0,0.0,0.0,11.82,0.0,0.0,0.0,11.82,0.25,2.95,0.27
2021-01-12 01:38:39.533170,0.07,0.0,0.0,0.0,11.82,0.0,0.0,0.0,11.82,0.26,3.07,0.27
2021-01-12 01:40:39.744487,0.07,0.0,0.0,0.0,11.82,0.0,0.0,0.0,11.82,0.27,3.19,0.27
2021-01-12 01:42:39.959628,0.07,0.0,0.0,0.0,11.82,0.0,0.0,0.0,11.82,0.25,2.95,0.27
2021-01-12 01:44:40.164581,0.07,0.0,0.0,0.0,11.81,0.0,0.0,0.0,11.81,0.26,3.07,0.27
2021-01-12 01:46:40.387326,0.07,0.0,0.0,0.0,11.81,0.0,0.0,0.0,11.81,0.26,3.07,0.27
2021-01-12 01:48:40.595373,0.07,0.0,0.0,0.0,11.81,0.0,0.0,0.0,11.81,0.25,2.95,0.27
2021-01-12 01:50:40.807303,0.07,0.0,0.0,0.0,11.81,0.0,0.0,0.0,11.81,0.26,3.07,0.27
2021-01-12 01:52:41.024187,0.07,0.0,0.0,0.0,11.81,0.0,0.0,0.0,11.81,0.25,2.95,0.27
2021-01-12 01:54:41.228358,0.07,0.0,0.0,0.0,11.81,0.0,0.0,0.0,11.81,0.25,2.95,0.27
2021-01-12 01:56:41.436310,0.07,0.0,0.0,0.0,11.81,0.0,0.0,0.0,11.81,0.27,3.18,0.27
2021-01-12 01:58:41.652399,0.07,0.0,0.0,0.0,11.81,0.0,0.0,0.0,11.81,0.26,3.07,0.27
2021-01-12 02:00:41.862128,0.07,0.0,0.0,0.0,11.81,0.0,0.0,0.0,11.81,0.26,3.07,0.27
2021-01-12 02:02:42.086246,0.07,0.0,0.0,0.0,11.81,0.0,0.0,0.0,11.81,0.26,3.07,0.27
2021-01-12 02:04:42.305336,0.07,0.0,0.0,0.0,11.8,0.0,0.0,0.0,11.8,0.25,2.95,0.27
2021-01-12 02:06:42.514345,0.07,0.0,0.0,0.0,11.8,0.0,0.0,0.0,11.8,0.26,3.06,0.27
2021-01-12 02:08:42.728359,0.06,0.0,0.0,0.0,11.81,0.0,0.0,0.0,11.81,0.26,3.07,0.27
2021-01-12 02:10:42.946214,0.08,0.0,0.0,0.0,11.81,0.0,0.0,0.0,11.81,0.26,3.07,0.27
2021-01-12 02:12:43.156473,0.07,0.0,0.0,0.0,11.81,0.0,0.0,0.0,11.81,0.26,3.07,0.27
2021-01-12 02:14:43.361666,0.08,0.0,0.0,0.0,11.81,0.0,0.0,0.0,11.81,0.26,3.07,0.27
2021-01-12 02:16:43.576935,0.07,0.0,0.0,0.0,11.79,0.0,0.0,0.0,11.79,0.25,2.94,0.26
2021-01-12 02:18:43.799670,0.07,0.0,0.0,0.0,11.79,0.0,0.0,0.0,11.79,0.26,3.06,0.26
2021-01-12 02:20:44.016262,0.07,0.0,0.0,0.0,11.79,0.0,0.0,0.0,11.79,0.26,3.06,0.26
2021-01-12 02:22:44.138139,0.07,0.0,0.0,0.0,11.79,0.0,0.0,0.0,11.79,0.26,3.06,0.26
2021-01-12 02:24:44.350970,0.07,0.0,0.0,0.0,11.79,0.0,0.0,0.0,11.79,0.27,3.18,0.26
2021-01-12 02:26:44.574041,0.08,0.0,0.0,0.0,11.79,0.0,0.0,0.0,11.79,0.25,2.94,0.26
2021-01-12 02:28:44.787191,0.08,0.0,0.0,0.0,11.79,0.0,0.0,0.0,11.79,0.26,3.06,0.26
2021-01-12 02:30:45.004326,0.08,0.0,0.0,0.0,11.79,0.0,0.0,0.0,11.79,0.27,3.18,0.26
2021-01-12 02:32:45.216421,0.08,0.0,0.0,0.0,11.8,0.0,0.0,0.0,11.8,0.26,3.06,0.27
2021-01-12 02:34:45.346151,0.08,0.0,0.0,0.0,11.78,0.0,0.0,0.0,11.78,0.27,3.18,0.26
2021-01-12 02:36:45.557268,0.08,0.0,0.0,0.0,11.78,0.0,0.0,0.0,11.78,0.27,3.18,0.26
2021-01-12 02:38:45.778335,0.08,0.0,0.0,0.0,11.78,0.0,0.0,0.0,11.78,0.26,3.06,0.26
2021-01-12 02:40:45.988257,0.08,0.0,0.0,0.0,11.8,0.0,0.0,0.0,11.8,0.26,3.06,0.27
2021-01-12 02:42:46.209555,0.08,0.0,0.0,0.0,11.78,0.0,0.0,0.0,11.78,0.26,3.06,0.26
2021-01-12 02:44:46.433362,0.08,0.0,0.0,0.0,11.79,0.0,0.0,0.0,11.79,0.26,3.06,0.26
2021-01-12 02:46:46.647100,0.08,0.0,0.0,0.0,11.79,0.0,0.0,0.0,11.79,0.26,3.06,0.26
2021-01-12 02:48:46.867122,0.08,0.0,0.0,0.0,11.79,0.0,0.0,0.0,11.79,0.26,3.06,0.26
2021-01-12 02:50:47.083807,0.08,0.0,0.0,0.0,11.77,0.0,0.0,0.0,11.77,0.26,3.06,0.26
2021-01-12 02:52:47.305989,0.08,0.0,0.0,0.0,11.77,0.0,0.0,0.0,11.77,0.26,3.06,0.26
2021-01-12 02:54:47.521065,0.08,0.0,0.0,0.0,11.77,0.0,0.0,0.0,11.77,0.25,2.94,0.26
2021-01-12 02:56:47.742327,0.08,0.0,0.0,0.0,11.79,0.0,0.0,0.0,11.79,0.27,3.18,0.26
2021-01-12 02:58:47.963787,0.08,0.0,0.0,0.0,11.78,0.0,0.0,0.0,11.78,0.26,3.06,0.26
2021-01-12 03:00:48.186155,0.08,0.0,0.0,0.0,11.77,0.0,0.0,0.0,11.77,0.26,3.06,0.26
2021-01-12 03:02:48.401166,0.08,0.0,0.0,0.0,11.77,0.0,0.0,0.0,11.77,0.26,3.06,0.26
2021-01-12 03:04:48.622719,0.08,0.0,0.0,0.0,11.77,0.0,0.0,0.0,11.77,0.25,2.94,0.26
2021-01-12 03:06:48.838999,0.08,0.0,0.0,0.0,11.78,0.0,0.0,0.0,11.78,0.26,3.06,0.26
2021-01-12 03:08:49.066589,0.08,0.0,0.0,0.0,11.76,0.0,0.0,0.0,11.76,0.27,3.17,0.26
2021-01-12 03:10:49.289148,0.08,0.0,0.0,0.0,11.78,0.0,0.0,0.0,11.78,0.27,3.18,0.26
2021-01-12 03:12:49.512932,0.08,0.0,0.0,0.0,11.77,0.0,0.0,0.0,11.77,0.26,3.06,0.26
2021-01-12 03:14:49.733002,0.08,0.0,0.0,0.0,11.77,0.0,0.0,0.0,11.77,0.26,3.06,0.26
2021-01-12 03:16:49.941789,0.08,0.0,0.0,0.0,11.77,0.0,0.0,0.0,11.77,0.26,3.06,0.26
2021-01-12 03:18:50.161845,0.08,0.0,0.0,0.0,11.75,0.0,0.0,0.0,11.75,0.26,3.05,0.25
2021-01-12 03:20:50.392142,0.08,0.0,0.0,0.0,11.77,0.0,0.0,0.0,11.77,0.26,3.06,0.26
2021-01-12 03:22:50.615936,0.08,0.0,0.0,0.0,11.77,0.0,0.0,0.0,11.77,0.26,3.06,0.26
2021-01-12 03:24:50.842250,0.08,0.0,0.0,0.0,11.77,0.0,0.0,0.0,11.77,0.26,3.06,0.26
2021-01-12 03:26:51.058570,0.08,0.0,0.0,0.0,11.77,0.0,0.0,0.0,11.77,0.26,3.06,0.26
2021-01-12 03:28:51.287343,0.06,0.0,0.0,0.0,11.76,0.0,0.0,0.0,11.76,0.26,3.05,0.26
2021-01-12 03:30:51.509881,0.06,0.0,0.0,0.0,11.76,0.0,0.0,0.0,11.76,0.27,3.17,0.26
2021-01-12 03:32:51.725099,0.06,0.0,0.0,0.0,11.75,0.0,0.0,0.0,11.75,0.26,3.05,0.25
2021-01-12 03:34:51.958900,0.07,0.0,0.0,0.0,11.75,0.0,0.0,0.0,11.75,0.25,2.93,0.25
2021-01-12 03:36:52.184067,0.07,0.0,0.0,0.0,11.75,0.0,0.0,0.0,11.75,0.26,3.05,0.25
2021-01-12 03:38:52.404119,0.07,0.0,0.0,0.0,11.75,0.0,0.0,0.0,11.75,0.26,3.05,0.25
2021-01-12 03:40:52.627804,0.07,0.0,0.0,0.0,11.75,0.0,0.0,0.0,11.75,0.26,3.05,0.25
2021-01-12 03:42:52.782994,0.07,0.0,0.0,0.0,11.75,0.0,0.0,0.0,11.75,0.27,3.17,0.25
2021-01-12 03:44:53.001779,0.07,0.0,0.0,0.0,11.75,0.0,0.0,0.0,11.75,0.26,3.05,0.25
2021-01-12 03:46:53.228197,0.07,0.0,0.0,0.0,11.75,0.0,0.0,0.0,11.75,0.26,3.05,0.25
2021-01-12 03:48:53.441971,0.07,0.0,0.0,0.0,11.74,0.0,0.0,0.0,11.74,0.25,2.93,0.25
2021-01-12 03:50:53.672061,0.07,0.0,0.0,0.0,11.74,0.0,0.0,0.0,11.74,0.26,3.05,0.25
2021-01-12 03:52:53.887130,0.07,0.0,0.0,0.0,11.74,0.0,0.0,0.0,11.74,0.26,3.05,0.25
2021-01-12 03:54:54.110913,0.07,0.0,0.0,0.0,11.74,0.0,0.0,0.0,11.74,0.26,3.05,0.25
2021-01-12 03:56:54.323525,0.07,0.0,0.0,0.0,11.74,0.0,0.0,0.0,11.74,0.25,2.93,0.25
2021-01-12 03:58:54.542269,0.07,0.0,0.0,0.0,11.74,0.0,0.0,0.0,11.74,0.25,2.93,0.25
2021-01-12 04:00:54.767318,0.07,0.0,0.0,0.0,11.74,0.0,0.0,0.0,11.74,0.25,2.93,0.25
2021-01-12 04:02:54.996117,0.07,0.0,0.0,0.0,11.74,0.0,0.0,0.0,11.74,0.26,3.05,0.25
2021-01-12 04:04:55.220236,0.07,0.0,0.0,0.0,11.75,0.0,0.0,0.0,11.75,0.27,3.17,0.25
2021-01-12 04:06:55.448293,0.07,0.0,0.0,0.0,11.74,0.0,0.0,0.0,11.74,0.26,3.05,0.25
2021-01-12 04:08:55.674972,0.07,0.0,0.0,0.0,11.72,0.0,0.0,0.0,11.72,0.27,3.16,0.25
2021-01-12 04:10:55.900466,0.07,0.0,0.0,0.0,11.72,0.0,0.0,0.0,11.72,0.26,3.04,0.25
2021-01-12 04:12:56.129662,0.06,0.0,0.0,0.0,11.73,0.0,0.0,0.0,11.73,0.26,3.04,0.25
2021-01-12 04:14:56.359957,0.06,0.0,0.0,0.0,11.72,0.0,0.0,0.0,11.72,0.27,3.16,0.25
2021-01-12 04:16:56.587689,0.08,0.0,0.0,0.0,11.72,0.0,0.0,0.0,11.72,0.27,3.16,0.25
2021-01-12 04:18:56.809313,0.06,0.0,0.0,0.0,11.72,0.0,0.0,0.0,11.72,0.26,3.04,0.25
2021-01-12 04:20:57.036987,0.08,0.0,0.0,0.0,11.72,0.0,0.0,0.0,11.72,0.26,3.04,0.25
2021-01-12 04:22:57.270897,0.06,0.0,0.0,0.0,11.72,0.0,0.0,0.0,11.72,0.26,3.04,0.25
2021-01-12 04:24:57.499847,0.08,0.0,0.0,0.0,11.72,0.0,0.0,0.0,11.72,0.26,3.04,0.25
2021-01-12 04:26:57.721246,0.06,0.0,0.0,0.0,11.72,0.0,0.0,0.0,11.72,0.26,3.04,0.25
2021-01-12 04:28:57.948439,0.08,0.0,0.0,0.0,11.72,0.0,0.0,0.0,11.72,0.28,3.28,0.25
2021-01-12 04:30:58.140297,0.06,0.0,0.0,0.0,11.72,0.0,0.0,0.0,11.72,0.26,3.04,0.25
2021-01-12 04:32:58.366682,0.06,0.0,0.0,0.0,11.72,0.0,0.0,0.0,11.72,0.25,2.93,0.25
2021-01-12 04:34:58.596152,0.07,0.0,0.0,0.0,11.72,0.0,0.0,0.0,11.72,0.26,3.04,0.25
2021-01-12 04:36:58.831944,0.07,0.0,0.0,0.0,11.72,0.0,0.0,0.0,11.72,0.26,3.04,0.25
2021-01-12 04:38:59.065183,0.07,0.0,0.0,0.0,11.7,0.0,0.0,0.0,11.7,0.26,3.04,0.24
2021-01-12 04:40:59.286781,0.07,0.0,0.0,0.0,11.7,0.0,0.0,0.0,11.7,0.26,3.04,0.24
2021-01-12 04:42:59.519893,0.07,0.0,0.0,0.0,11.7,0.0,0.0,0.0,11.7,0.25,2.92,0.24
2021-01-12 04:44:59.746719,0.07,0.0,0.0,0.0,11.7,0.0,0.0,0.0,11.7,0.27,3.15,0.24
2021-01-12 04:46:59.961638,0.07,0.0,0.0,0.0,11.7,0.0,0.0,0.0,11.7,0.29,3.39,0.24
2021-01-12 04:49:00.184499,0.07,0.0,0.0,0.0,11.7,0.0,0.0,0.0,11.7,0.25,2.92,0.24
2021-01-12 04:51:00.382907,0.07,0.0,0.0,0.0,11.7,0.0,0.0,0.0,11.7,0.26,3.04,0.24
2021-01-12 04:53:00.613941,0.07,0.0,0.0,0.0,11.7,0.0,0.0,0.0,11.7,0.27,3.15,0.24
2021-01-12 04:55:00.839909,0.07,0.0,0.0,0.0,11.7,0.0,0.0,0.0,11.7,0.27,3.15,0.24
2021-01-12 04:57:00.977224,0.07,0.0,0.0,0.0,11.7,0.0,0.0,0.0,11.7,0.27,3.15,0.24
2021-01-12 04:59:01.108330,0.07,0.0,0.0,0.0,11.71,0.0,0.0,0.0,11.71,0.27,3.16,0.24
2021-01-12 05:01:01.334466,0.07,0.0,0.0,0.0,11.7,0.0,0.0,0.0,11.7,0.27,3.15,0.24
2021-01-12 05:03:01.563108,0.07,0.0,0.0,0.0,11.7,0.0,0.0,0.0,11.7,0.27,3.15,0.24
2021-01-12 05:05:01.801870,0.07,0.0,0.0,0.0,11.69,0.0,0.0,0.0,11.69,0.27,3.15,0.24
2021-01-12 05:07:02.031914,0.07,0.0,0.0,0.0,11.7,0.0,0.0,0.0,11.7,0.27,3.15,0.24
2021-01-12 05:09:02.167684,0.07,0.0,0.0,0.0,11.7,0.0,0.0,0.0,11.7,0.28,3.27,0.24
2021-01-12 05:11:02.291780,0.07,0.0,0.0,0.0,11.68,0.0,0.0,0.0,11.68,0.27,3.15,0.23
2021-01-12 05:13:02.452147,0.07,0.0,0.0,0.0,11.68,0.0,0.0,0.0,11.68,0.27,3.15,0.23
2021-01-12 05:15:02.587278,0.07,0.0,0.0,0.0,11.68,0.0,0.0,0.0,11.68,0.29,3.38,0.23
2021-01-12 05:17:02.723127,0.07,0.0,0.0,0.0,11.68,0.0,0.0,0.0,11.68,0.26,3.03,0.23
2021-01-12 05:19:02.950989,0.07,0.0,0.0,0.0,11.68,0.0,0.0,0.0,11.68,0.27,3.15,0.23
2021-01-12 05:21:03.178370,0.07,0.0,0.0,0.0,11.68,0.0,0.0,0.0,11.68,0.27,3.15,0.23
2021-01-12 05:23:03.311653,0.07,0.0,0.0,0.0,11.67,0.0,0.0,0.0,11.67,0.26,3.03,0.23
2021-01-12 05:25:03.536849,0.07,0.0,0.0,0.0,11.68,0.0,0.0,0.0,11.68,0.27,3.15,0.23
2021-01-12 05:27:03.760763,0.07,0.0,0.0,0.0,11.68,0.0,0.0,0.0,11.68,0.28,3.27,0.23
2021-01-12 05:29:03.890910,0.07,0.0,0.0,0.0,11.68,0.0,0.0,0.0,11.68,0.26,3.03,0.23
2021-01-12 05:31:04.112260,0.07,0.0,0.0,0.0,11.69,0.0,0.0,0.0,11.69,0.27,3.15,0.24
2021-01-12 05:33:04.339859,0.07,0.0,0.0,0.0,11.68,0.0,0.0,0.0,11.68,0.26,3.03,0.23
2021-01-12 05:35:04.478705,0.07,0.0,0.0,0.0,11.68,0.0,0.0,0.0,11.68,0.27,3.15,0.23
2021-01-12 05:37:04.708831,0.07,0.0,0.0,0.0,11.66,0.0,0.0,0.0,11.66,0.27,3.14,0.23
2021-01-12 05:39:04.934050,0.07,0.0,0.0,0.0,11.67,0.0,0.0,0.0,11.67,0.28,3.26,0.23
2021-01-12 05:41:05.111544,0.07,0.0,0.0,0.0,11.67,0.0,0.0,0.0,11.67,0.27,3.15,0.23
2021-01-12 05:43:05.242876,0.07,0.0,0.0,0.0,11.67,0.0,0.0,0.0,11.67,0.26,3.03,0.23
2021-01-12 05:45:05.389233,0.07,0.0,0.0,0.0,11.67,0.0,0.0,0.0,11.67,0.26,3.03,0.23
2021-01-12 05:47:05.620345,0.07,0.0,0.0,0.0,11.67,0.0,0.0,0.0,11.67,0.27,3.15,0.23
2021-01-12 05:49:05.844921,0.07,0.0,0.0,0.0,11.65,0.0,0.0,0.0,11.65,0.28,3.26,0.22
2021-01-12 05:51:06.067083,0.07,0.0,0.0,0.0,11.65,0.0,0.0,0.0,11.65,0.27,3.14,0.22
2021-01-12 05:53:06.291843,0.07,0.0,0.0,0.0,11.65,0.0,0.0,0.0,11.65,0.27,3.14,0.22
2021-01-12 05:55:06.520509,0.07,0.0,0.0,0.0,11.65,0.0,0.0,0.0,11.65,0.27,3.14,0.22
2021-01-12 05:57:06.721697,0.07,0.0,0.0,0.0,11.66,0.0,0.0,0.0,11.66,0.27,3.14,0.23
2021-01-12 05:59:06.857791,0.07,0.0,0.0,0.0,11.66,0.0,0.0,0.0,11.66,0.26,3.03,0.23
2021-01-12 06:01:07.007699,0.07,0.0,0.0,0.0,11.65,0.0,0.0,0.0,11.65,0.28,3.26,0.22
2021-01-12 06:03:07.150447,0.07,0.0,0.0,0.0,11.66,0.0,0.0,0.0,11.66,0.27,3.14,0.23
2021-01-12 06:05:07.277497,0.07,0.0,0.0,0.0,11.64,0.0,0.0,0.0,11.64,0.27,3.14,0.22
2021-01-12 06:07:07.412415,0.07,0.0,0.0,0.0,11.64,0.0,0.0,0.0,11.64,0.26,3.02,0.22
2021-01-12 06:09:07.636083,0.07,0.0,0.0,0.0,11.64,0.0,0.0,0.0,11.64,0.27,3.14,0.22
2021-01-12 06:11:07.868685,0.07,0.0,0.0,0.0,11.64,0.0,0.0,0.0,11.64,0.26,3.02,0.22
2021-01-12 06:13:08.038600,0.07,0.0,0.0,0.0,11.64,0.0,0.0,0.0,11.64,0.27,3.14,0.22
2021-01-12 06:15:08.212285,0.09,0.0,0.0,0.0,11.64,0.0,0.0,0.0,11.64,0.26,3.02,0.22
2021-01-12 06:17:08.367333,0.09,0.0,0.0,0.0,11.63,0.0,0.0,0.0,11.63,0.27,3.14,0.22
2021-01-12 06:19:08.488498,0.09,0.0,0.0,0.0,11.63,0.0,0.0,0.0,11.63,0.28,3.25,0.22
2021-01-12 06:21:08.617674,0.11,0.0,0.0,0.0,11.63,0.0,0.0,0.0,11.63,0.26,3.02,0.22
2021-01-12 06:23:08.757989,0.11,0.0,0.0,0.0,11.63,0.0,0.0,0.0,11.63,0.27,3.14,0.22
2021-01-12 06:25:08.910864,0.13,0.0,0.0,0.0,11.63,0.0,0.0,0.0,11.63,0.29,3.37,0.22
2021-01-12 06:27:09.046079,0.16,0.0,0.0,0.0,11.64,0.0,0.0,0.0,11.64,0.27,3.14,0.22
2021-01-12 06:29:09.187463,0.18,0.0,0.0,0.0,11.63,0.0,0.0,0.0,11.63,0.28,3.25,0.22
2021-01-12 06:31:09.321365,0.23,0.0,0.0,0.0,11.63,0.0,0.0,0.0,11.63,0.27,3.14,0.22
2021-01-12 06:33:09.554034,0.29,0.0,0.0,0.0,11.63,0.0,0.0,0.0,11.63,0.27,3.14,0.22
2021-01-12 06:35:09.792807,0.37,0.0,0.0,0.0,11.63,0.0,0.0,0.0,11.63,0.26,3.02,0.22
2021-01-12 06:37:09.938008,0.5,0.0,0.0,0.0,11.61,0.0,0.0,0.0,11.61,0.28,3.25,0.21
2021-01-12 06:39:10.174125,0.67,0.0,0.0,0.0,11.61,0.0,0.0,0.0,11.61,0.27,3.13,0.21
2021-01-12 06:41:10.410613,0.91,0.0,0.0,0.0,11.62,0.0,0.0,0.0,11.62,0.27,3.13,0.22
2021-01-12 06:43:10.536905,1.26,0.0,0.0,0.0,11.63,0.0,0.0,0.0,11.63,0.28,3.25,0.22
2021-01-12 06:45:10.678167,1.73,0.0,0.0,0.0,11.61,0.0,0.0,0.0,11.61,0.26,3.01,0.21
2021-01-12 06:47:10.822424,2.38,0.0,0.0,0.0,11.61,0.0,0.0,0.0,11.61,0.29,3.36,0.21
2021-01-12 06:49:11.049748,3.21,0.0,0.0,0.0,11.61,0.0,0.0,0.0,11.61,0.27,3.13,0.21
2021-01-12 06:51:11.278528,4.35,0.0,0.0,0.0,11.61,0.0,0.0,0.0,11.61,0.28,3.25,0.21
2021-01-12 06:53:11.513334,5.94,0.0,0.0,0.0,11.61,0.0,0.0,0.0,11.61,0.29,3.36,0.21
2021-01-12 06:55:11.616235,7.65,0.0,0.0,0.0,11.62,0.0,0.0,0.0,11.62,0.27,3.13,0.22
2021-01-12 06:57:11.750178,9.23,0.0,0.0,0.0,11.61,0.0,0.0,0.0,11.61,0.27,3.13,0.21
2021-01-12 06:59:11.979114,10.61,0.0,0.0,0.0,11.61,0.0,0.0,0.0,11.61,0.28,3.25,0.21
2021-01-12 07:01:12.220527,11.38,0.0,0.0,0.0,11.59,0.0,0.0,0.0,11.59,0.27,3.12,0.21
2021-01-12 07:03:12.401817,11.44,0.0,0.0,0.0,11.59,0.0,0.0,0.0,11.59,0.27,3.12,0.21
2021-01-12 07:05:12.551919,11.46,0.0,0.0,0.0,11.59,0.0,0.0,0.0,11.59,0.26,3.01,0.21
2021-01-12 07:07:12.791997,11.48,0.0,0.0,0.0,11.61,0.0,0.0,0.0,11.61,0.28,3.25,0.21
2021-01-12 07:09:13.015975,11.5,0.0,0.0,0.0,11.58,0.0,0.0,0.0,11.58,0.26,3.01,0.2
2021-01-12 07:11:13.191014,11.52,0.0,0.0,0.0,11.6,0.0,0.0,0.0,11.6,0.26,3.01,0.21
2021-01-12 07:13:13.387320,11.52,0.0,0.0,0.0,11.6,0.0,0.0,0.0,11.6,0.27,3.13,0.21
2021-01-12 07:15:13.546115,11.53,0.0,0.0,0.0,11.58,0.0,0.0,0.0,11.58,0.26,3.01,0.21
2021-01-12 07:17:13.778838,11.54,0.0,0.0,0.0,11.58,0.0,0.0,0.0,11.58,0.28,3.24,0.21
2021-01-12 07:19:13.988576,11.55,0.0,0.0,0.0,11.57,0.0,0.0,0.0,11.57,0.31,3.58,0.2
2021-01-12 07:21:14.207619,11.57,0.0,0.0,0.0,11.58,0.0,0.0,0.0,11.58,0.27,3.12,0.21
2021-01-12 07:23:14.352654,11.57,0.0,0.0,0.0,11.58,0.0,0.0,0.0,11.58,0.27,3.12,0.21
2021-01-12 07:25:14.587700,11.6,0.0,0.0,0.0,11.58,0.0,0.0,0.0,11.58,0.26,3.01,0.21
2021-01-12 07:27:14.814048,11.63,0.0,0.0,0.0,11.58,0.0,0.0,0.0,11.58,0.27,3.12,0.21
2021-01-12 07:29:14.970372,13.02,0.0,0.0,0.0,11.58,0.0,0.0,0.0,11.58,0.27,3.12,0.21
2021-01-12 07:31:15.112070,13.41,0.0,0.0,0.0,11.59,0.0,0.0,0.0,11.59,0.26,3.01,0.21
2021-01-12 07:33:15.252362,14.98,0.0,0.0,0.0,11.58,0.0,0.0,0.0,11.58,0.27,3.12,0.21
2021-01-12 07:35:15.488854,12.65,0.0,0.0,0.0,11.58,0.0,0.0,0.0,11.58,0.26,3.01,0.21
2021-01-12 07:37:15.712792,14.38,0.0,0.0,0.0,11.59,0.0,0.0,0.0,11.59,0.27,3.12,0.21
2021-01-12 07:39:15.928084,12.66,0.0,0.0,0.0,11.58,0.0,0.0,0.0,11.58,0.28,3.24,0.2
2021-01-12 07:41:16.078306,12.69,0.0,0.0,0.0,11.56,0.0,0.0,0.0,11.56,0.26,3.0,0.2
2021-01-12 07:43:16.320900,12.69,0.0,0.0,0.0,11.57,0.0,0.0,0.0,11.57,0.27,3.12,0.2
2021-01-12 07:45:16.552272,12.72,0.0,0.0,0.0,11.56,0.0,0.0,0.0,11.56,0.27,3.12,0.2
2021-01-12 07:47:16.784874,12.68,0.0,0.0,0.0,11.58,0.0,0.0,0.0,11.58,0.27,3.12,0.2
2021-01-12 07:49:17.018727,12.72,0.0,0.0,0.0,11.58,0.0,0.0,0.0,11.58,0.27,3.12,0.2
2021-01-12 07:51:17.262550,12.73,0.0,0.0,0.0,11.58,0.0,0.0,0.0,11.58,0.27,3.12,0.2
2021-01-12 07:53:17.497665,12.72,0.0,0.0,0.0,11.58,0.0,0.0,0.0,11.58,0.27,3.12,0.2
2021-01-12 07:55:17.656493,12.74,0.0,0.0,0.0,11.58,0.0,0.0,0.0,11.58,0.27,3.12,0.2
2021-01-12 07:57:17.807823,12.73,0.0,0.0,0.0,11.56,0.0,0.0,0.0,11.56,0.26,3.0,0.2
2021-01-12 07:59:17.950433,12.74,0.0,0.0,0.0,11.6,0.0,0.0,0.0,11.6,0.27,3.13,0.2
2021-01-12 08:01:18.185620,12.75,0.0,0.0,0.0,11.59,0.0,0.0,0.0,11.59,0.28,3.24,0.2
2021-01-12 08:03:18.425588,12.75,0.0,0.0,0.0,11.57,0.0,0.0,0.0,11.57,0.27,3.12,0.2
2021-01-12 08:05:18.570287,12.77,0.0,0.11,0.0,11.59,0.01,0.11,0.0,11.59,0.27,3.12,0.21
2021-01-12 08:07:18.707569,12.76,0.0,0.11,0.0,11.58,0.01,0.11,0.0,11.58,0.27,3.12,0.2
2021-01-12 08:09:18.951079,12.79,0.02,0.34,0.0,11.57,0.03,0.34,0.0,11.57,0.26,3.0,0.21
2021-01-12 08:11:19.168425,12.78,0.02,0.34,0.0,11.6,0.03,0.34,0.0,11.6,0.27,3.13,0.2
2021-01-12 08:13:19.399580,12.78,0.02,0.34,0.0,11.59,0.03,0.34,0.0,11.59,0.25,2.89,0.2
2021-01-12 08:15:19.637097,12.81,0.03,0.46,0.0,11.59,0.04,0.46,0.0,11.59,0.27,3.12,0.2
2021-01-12 08:17:19.877009,12.81,0.03,0.46,0.0,11.6,0.04,0.46,0.0,11.6,0.28,3.24,0.21
2021-01-12 08:19:20.114447,12.82,0.04,0.57,0.0,11.59,0.05,0.57,0.0,11.59,0.26,3.01,0.2
2021-01-12 08:21:20.362016,12.82,0.05,0.69,0.0,11.6,0.06,0.69,0.0,11.6,0.26,3.01,0.21
2021-01-12 08:23:20.578366,12.82,0.05,0.69,0.0,11.61,0.06,0.69,0.0,11.61,0.26,3.01,0.21
2021-01-12 08:25:20.733319,12.82,0.06,0.81,0.0,11.61,0.07,0.81,0.0,11.61,0.27,3.13,0.21
2021-01-12 08:27:20.965806,12.81,0.06,0.81,0.0,11.62,0.07,0.81,0.0,11.62,0.27,3.13,0.21
2021-01-12 08:29:21.213268,12.83,0.06,0.81,0.0,11.62,0.07,0.81,0.0,11.62,0.25,2.9,0.21
2021-01-12 08:31:21.390764,12.84,0.07,0.92,0.0,11.62,0.08,0.92,0.0,11.62,0.26,3.02,0.21
2021-01-12 08:33:21.552119,12.84,0.08,1.04,0.0,11.62,0.09,1.04,0.0,11.62,0.26,3.02,0.21
2021-01-12 08:35:21.793713,12.84,0.08,1.04,0.0,11.63,0.09,1.04,0.0,11.63,0.28,3.25,0.21
2021-01-12 08:37:22.018605,12.85,0.08,1.04,0.0,11.63,0.09,1.04,0.0,11.63,0.28,3.25,0.21
2021-01-12 08:39:22.166105,13.32,0.08,1.16,0.0,11.66,0.1,1.16,0.0,11.66,0.25,2.91,0.22
2021-01-12 08:41:22.338666,12.88,0.09,1.16,0.0,11.63,0.1,1.16,0.0,11.63,0.26,3.02,0.21
2021-01-12 08:43:22.481200,12.86,0.09,1.16,0.0,11.64,0.1,1.16,0.0,11.64,0.27,3.14,0.21
2021-01-12 08:45:22.632503,12.88,0.09,1.28,0.0,11.64,0.11,1.28,0.0,11.64,0.25,2.91,0.21
2021-01-12 08:47:22.875076,12.89,0.09,1.28,0.0,11.65,0.11,1.28,0.0,11.65,0.26,3.02,0.22
2021-01-12 08:49:23.108900,12.91,0.13,1.74,0.0,11.66,0.15,1.74,0.0,11.66,0.25,2.91,0.22
2021-01-12 08:51:23.354042,12.9,0.13,1.74,0.0,11.66,0.15,1.74,0.0,11.66,0.24,2.79,0.22
2021-01-12 08:53:23.585326,12.9,0.08,1.16,0.0,11.68,0.1,1.16,0.0,11.68,0.26,3.03,0.21
2021-01-12 08:55:23.761283,12.89,0.15,1.97,0.0,11.64,0.17,1.97,0.0,11.64,0.26,3.02,0.22
2021-01-12 08:57:23.878042,12.9,0.12,1.63,0.0,11.67,0.14,1.63,0.0,11.67,0.2,2.33,0.22
2021-01-12 08:59:24.042022,12.92,0.13,1.75,0.0,11.67,0.15,1.75,0.0,11.67,0.27,3.15,0.22
2021-01-12 09:01:24.191655,12.91,0.14,1.86,0.0,11.67,0.16,1.86,0.0,11.67,0.26,3.03,0.22
2021-01-12 09:03:24.338095,12.91,0.12,1.63,0.0,11.67,0.14,1.63,0.0,11.67,0.18,2.1,0.22
2021-01-12 09:05:24.581948,12.94,0.13,1.75,0.0,11.68,0.15,1.75,0.0,11.68,0.18,2.1,0.22
2021-01-12 09:07:24.805696,12.99,0.18,2.34,0.0,11.7,0.2,2.34,0.0,11.7,0.19,2.22,0.23
2021-01-12 09:09:25.038185,13.1,0.24,3.18,0.0,11.78,0.27,3.18,0.0,11.78,0.21,2.47,0.25
2021-01-12 09:11:25.277260,13.13,0.21,2.83,0.0,11.82,0.24,2.83,0.0,11.82,0.26,3.07,0.27
2021-01-12 09:13:25.428678,13.13,0.27,3.67,0.0,11.84,0.31,3.67,0.0,11.84,0.21,2.48,0.28
2021-01-12 09:15:25.669752,13.2,0.26,3.56,0.0,11.88,0.3,3.56,0.0,11.88,0.27,3.2,0.29
2021-01-12 09:17:25.900637,13.21,0.26,3.56,0.0,11.88,0.3,3.56,0.0,11.88,0.2,2.37,0.29
2021-01-12 09:19:26.137608,13.26,0.28,3.81,0.0,11.93,0.32,3.81,0.0,11.93,0.25,2.98,0.3
2021-01-12 09:21:26.368348,13.25,0.32,4.28,0.0,11.91,0.36,4.28,0.0,11.91,0.21,2.5,0.3
2021-01-12 09:23:26.608882,13.3,0.33,4.42,0.0,11.96,0.37,4.42,0.0,11.96,0.17,2.03,0.31
2021-01-12 09:25:26.841901,13.28,0.3,4.06,0.0,11.95,0.34,4.06,0.0,11.95,0.18,2.15,0.31
2021-01-12 09:27:27.082275,13.36,0.36,4.92,0.0,12.0,0.41,4.92,0.0,12.0,0.18,2.16,0.33
2021-01-12 09:29:27.297618,13.36,0.34,4.56,0.0,12.0,0.38,4.56,0.0,12.0,0.16,1.92,0.33
2021-01-12 09:31:27.436662,13.34,0.32,4.31,0.0,11.99,0.36,4.31,0.0,11.99,0.17,2.03,0.32
2021-01-12 09:33:27.686909,13.4,0.38,5.17,0.0,12.04,0.43,5.17,0.0,12.04,0.18,2.16,0.33
2021-01-12 09:35:27.900933,13.39,0.37,5.04,0.0,12.02,0.42,5.04,0.0,12.02,0.19,2.28,0.34
2021-01-12 09:37:28.144468,13.42,0.41,5.55,0.0,12.07,0.46,5.55,0.0,12.07,0.25,3.01,0.35
2021-01-12 09:39:28.352794,13.45,0.39,5.31,0.0,12.08,0.44,5.31,0.0,12.08,0.19,2.29,0.36
2021-01-12 09:41:28.550415,13.44,0.37,5.07,0.0,12.09,0.42,5.07,0.0,12.09,0.17,2.05,0.36
2021-01-12 09:43:28.785592,13.47,0.44,6.04,0.0,12.09,0.5,6.04,0.0,12.09,0.14,1.69,0.37
2021-01-12 09:45:29.007121,13.48,0.43,5.92,0.0,12.1,0.49,5.92,0.0,12.1,0.19,2.29,0.36
2021-01-12 09:47:29.259234,13.52,0.46,6.31,0.0,12.14,0.52,6.31,0.0,12.14,0.16,1.94,0.38
2021-01-12 09:49:29.487487,13.52,0.49,6.67,0.0,12.14,0.55,6.67,0.0,12.14,0.16,1.94,0.38
2021-01-12 09:51:29.740639,13.5,0.46,6.3,0.0,12.13,0.52,6.3,0.0,12.13,0.17,2.06,0.37
2021-01-12 09:53:29.951185,13.54,0.52,7.05,0.0,12.16,0.58,7.05,0.0,12.16,0.2,2.43,0.38
2021-01-12 09:55:30.185423,13.56,0.52,7.17,0.0,12.16,0.59,7.17,0.0,12.16,0.23,2.79,0.38
2021-01-12 09:57:30.419610,13.56,0.51,7.04,0.0,12.15,0.58,7.04,0.0,12.15,0.16,1.94,0.38
2021-01-12 09:59:30.655855,13.67,0.68,9.3,0.0,12.24,0.76,9.3,0.0,12.24,0.22,2.69,0.41
2021-01-12 10:01:30.865548,13.14,0.98,12.96,0.0,12.35,1.05,12.96,0.0,12.35,0.21,2.59,0.45
2021-01-12 10:03:31.037121,13.25,1.28,17.05,0.0,12.45,1.37,17.05,0.0,12.45,0.2,2.49,0.49
2021-01-12 10:05:31.188695,19.3,1.45,28.06,0.0,12.7,2.21,28.06,0.0,12.7,0.21,2.66,0.57
2021-01-12 10:07:31.341487,18.45,1.79,33.04,0.0,12.81,2.58,33.04,0.0,12.81,0.18,2.3,0.61
2021-01-12 10:09:31.583018,17.22,2.02,34.89,0.0,12.83,2.72,34.89,0.0,12.83,0.16,2.05,0.62
2021-01-12 10:11:31.807075,17.2,2.09,35.95,0.0,12.84,2.8,35.95,0.0,12.84,0.18,2.31,0.63
2021-01-12 10:13:31.957333,17.33,2.07,35.92,0.0,12.83,2.8,35.92,0.0,12.83,0.19,2.43,0.63
2021-01-12 10:15:32.201364,17.3,2.09,36.16,0.0,12.87,2.81,36.16,0.0,12.87,0.21,2.7,0.63
2021-01-12 10:17:32.437889,17.49,2.06,36.05,0.0,12.83,2.81,36.05,0.0,12.83,0.18,2.3,0.63
2021-01-12 10:19:32.683154,17.42,2.1,36.69,0.0,12.83,2.86,36.69,0.0,12.83,0.18,2.3,0.63
2021-01-12 10:21:32.912408,17.45,2.09,36.59,0.0,12.84,2.85,36.59,0.0,12.84,0.18,2.31,0.63
2021-01-12 10:23:33.147861,17.22,2.15,37.13,0.0,12.85,2.89,37.13,0.0,12.85,0.18,2.31,0.64
2021-01-12 10:25:33.401662,16.36,2.23,36.62,0.0,12.85,2.85,36.62,0.0,12.85,0.2,2.57,0.64
2021-01-12 10:27:33.608824,17.15,2.16,37.19,0.0,12.87,2.89,37.19,0.0,12.87,0.18,2.31,0.65
2021-01-12 10:29:33.771689,17.28,2.17,37.6,0.0,12.88,2.92,37.6,0.0,12.88,0.18,2.31,0.65
2021-01-12 10:31:34.011171,17.35,2.17,37.82,0.0,12.91,2.93,37.82,0.0,12.91,0.19,2.45,0.66
2021-01-12 10:33:34.233692,17.26,2.2,37.98,0.0,12.92,2.94,37.98,0.0,12.92,0.18,2.32,0.66
2021-01-12 10:35:34.478953,17.2,2.21,38.14,0.0,12.93,2.95,38.14,0.0,12.93,0.23,2.97,0.67
2021-01-12 10:37:34.726917,17.0,2.24,38.14,0.0,12.93,2.95,38.14,0.0,12.93,0.16,2.06,0.67
2021-01-12 10:39:34.906107,17.33,2.2,38.14,0.0,12.93,2.95,38.14,0.0,12.93,0.17,2.19,0.67
2021-01-12 10:41:35.069131,16.73,2.26,37.97,0.0,12.96,2.93,37.97,0.0,12.96,0.18,2.33,0.67
2021-01-12 10:43:35.236887,16.77,2.3,38.62,0.0,12.96,2.98,38.62,0.0,12.96,0.17,2.2,0.68
2021-01-12 10:45:35.420904,16.81,2.3,38.81,0.0,12.98,2.99,38.81,0.0,12.98,0.16,2.07,0.69
2021-01-12 10:47:35.676458,17.35,2.24,39.0,0.0,13.0,3.0,39.0,0.0,13.0,0.17,2.21,0.7
2021-01-12 10:49:35.908018,17.12,2.27,38.92,0.0,13.02,2.99,38.92,0.0,13.02,0.17,2.21,0.7
2021-01-12 10:51:36.063421,16.94,2.3,38.98,0.0,13.04,2.99,38.98,0.0,13.04,0.17,2.21,0.71
2021-01-12 10:53:36.305111,17.27,2.28,39.38,0.0,13.04,3.02,39.38,0.0,13.04,0.16,2.08,0.71
2021-01-12 10:55:36.549902,17.11,2.32,39.8,0.0,13.05,3.05,39.8,0.0,13.05,0.17,2.21,0.72
2021-01-12 10:57:36.690838,17.12,2.32,39.86,0.0,13.07,3.05,39.86,0.0,13.07,0.16,2.09,0.72
2021-01-12 10:59:36.929316,17.24,2.3,39.72,0.0,13.11,3.03,39.72,0.0,13.11,0.22,2.88,0.74
2021-01-12 11:01:37.168692,16.89,2.38,40.27,0.0,13.12,3.07,40.27,0.0,13.12,0.15,1.96,0.74
2021-01-12 11:03:37.426771,17.29,2.23,38.64,0.0,13.1,2.95,38.64,0.0,13.1,0.17,2.22,0.74
2021-01-12 11:05:37.661063,17.96,1.47,26.52,0.0,12.94,2.05,26.52,0.0,12.94,0.17,2.19,0.68
2021-01-12 11:07:37.852930,16.93,1.98,33.69,0.0,13.06,2.58,33.69,0.0,13.06,0.18,2.35,0.72
2021-01-12 11:09:38.109385,17.27,2.35,40.6,0.0,13.14,3.09,40.6,0.0,13.14,0.17,2.23,0.77
2021-01-12 11:11:38.319149,17.1,2.38,40.78,0.0,13.2,3.09,40.78,0.0,13.2,0.15,1.98,0.77
2021-01-12 11:13:38.499562,17.35,2.38,41.4,0.0,13.23,3.13,41.4,0.0,13.23,0.16,2.11,0.78
2021-01-12 11:15:38.738717,17.0,2.38,40.48,0.0,13.23,3.06,40.48,0.0,13.23,0.16,2.11,0.78
2021-01-12 11:17:38.972887,17.07,2.36,40.44,0.0,13.26,3.05,40.44,0.0,13.26,0.18,2.38,0.8
2021-01-12 11:19:39.222041,16.93,2.37,40.14,0.0,13.25,3.03,40.14,0.0,13.25,0.17,2.25,0.79
2021-01-12 11:21:39.463272,16.88,2.37,40.13,0.0,13.29,3.02,40.13,0.0,13.29,0.17,2.25,0.81
2021-01-12 11:23:39.600334,16.83,2.38,40.22,0.0,13.32,3.02,40.22,0.0,13.32,0.16,2.13,0.81
2021-01-12 11:25:39.849457,16.85,2.39,40.42,0.0,13.34,3.03,40.42,0.0,13.34,0.15,2.0,0.82
2021-01-12 11:27:40.089842,16.66,1.51,25.19,0.0,13.12,1.92,25.19,0.0,13.12,0.15,1.96,0.75
2021-01-12 11:29:40.351637,15.02,0.77,11.71,0.0,12.87,0.91,11.71,0.0,12.87,0.16,2.05,0.65
2021-01-12 11:31:40.538366,14.19,0.61,8.67,0.0,12.76,0.68,8.67,0.0,12.76,0.17,2.16,0.61
2021-01-12 11:33:40.783883,18.02,2.08,37.61,0.0,13.34,2.82,37.61,0.0,13.34,0.15,2.0,0.82
2021-01-12 11:35:41.026798,17.58,2.5,44.07,0.0,13.52,3.26,44.07,0.0,13.52,0.16,2.16,0.89
2021-01-12 11:37:41.292232,17.84,2.4,42.99,0.0,13.52,3.18,42.99,0.0,13.52,0.16,2.16,0.9
2021-01-12 11:39:41.475141,17.38,2.32,40.33,0.0,13.49,2.99,40.33,0.0,13.49,0.14,1.88,0.88
2021-01-12 11:41:41.718080,17.54,1.77,31.12,0.0,13.3,2.34,31.12,0.0,13.3,0.17,2.26,0.81
2021-01-12 11:43:41.936122,17.59,1.9,33.48,0.0,13.34,2.51,33.48,0.0,13.34,0.15,2.0,0.81
2021-01-12 11:45:42.189010,17.33,2.28,39.54,0.0,13.59,2.91,39.54,0.0,13.59,0.13,1.76,0.92
2021-01-12 11:47:42.431910,16.59,2.28,37.88,0.0,13.58,2.79,37.88,0.0,13.58,0.16,2.17,0.91
2021-01-12 11:49:42.696057,16.77,0.94,15.86,0.0,13.11,1.21,15.86,0.0,13.11,0.16,2.09,0.74
2021-01-12 11:51:42.887718,13.87,1.2,16.67,0.0,13.03,1.28,16.67,0.0,13.03,0.15,1.95,0.71
2021-01-12 11:53:43.043123,16.94,2.2,37.4,0.0,13.65,2.74,37.4,0.0,13.65,0.16,2.18,0.93
2021-01-12 11:55:43.287398,18.09,2.3,41.68,0.0,14.18,2.94,41.68,0.0,14.18,0.14,1.98,1.0
2021-01-12 11:57:43.549046,18.02,2.25,40.57,0.0,14.39,2.82,40.57,0.0,14.39,0.15,2.15,1.0
2021-01-12 11:59:43.802069,17.01,2.24,38.22,0.0,13.95,2.74,38.22,0.0,13.95,0.15,2.09,1.0
2021-01-12 12:01:44.007455,17.52,1.31,23.1,0.0,13.28,1.74,23.1,0.0,13.28,0.16,2.12,0.8
2021-01-12 12:03:44.267037,18.53,2.05,38.12,0.0,14.44,2.64,38.12,0.0,14.44,0.13,1.87,1.0
2021-01-12 12:05:44.491586,18.51,2.02,37.57,0.0,14.45,2.6,37.57,0.0,14.45,0.15,2.16,1.0
2021-01-12 12:07:44.739839,18.47,1.99,36.79,0.0,14.43,2.55,36.79,0.0,14.43,0.15,2.16,1.0
2021-01-12 12:09:44.979221,18.57,1.96,36.48,0.0,14.42,2.53,36.48,0.0,14.42,0.14,2.01,1.0
2021-01-12 12:11:45.223659,18.66,1.92,35.86,0.0,14.46,2.48,35.86,0.0,14.46,0.13,1.87,1.0
2021-01-12 12:13:45.441679,18.61,1.88,34.99,0.0,14.46,2.42,34.99,0.0,14.46,0.15,2.16,1.0
2021-01-12 12:15:45.688539,18.79,1.81,34.12,0.0,14.46,2.36,34.12,0.0,14.46,0.15,2.16,1.0
2021-01-12 12:17:45.912763,18.8,1.76,33.23,0.0,14.45,2.3,33.23,0.0,14.45,0.16,2.31,1.0
2021-01-12 12:19:46.159517,18.84,1.7,32.1,0.0,14.46,2.22,32.1,0.0,14.46,0.15,2.16,1.0
2021-01-12 12:21:46.388945,18.93,1.64,31.08,0.0,14.46,2.15,31.08,0.0,14.46,0.2,2.89,1.0
2021-01-12 12:23:46.637605,18.89,1.58,30.01,0.0,14.43,2.08,30.01,0.0,14.43,0.15,2.16,1.0
2021-01-12 12:25:46.850987,19.01,1.52,29.02,0.0,14.44,2.01,29.02,0.0,14.44,0.14,2.02,1.0
2021-01-12 12:27:47.091475,19.12,1.45,27.9,0.0,14.46,1.93,27.9,0.0,14.46,0.14,2.02,1.0
2021-01-12 12:29:47.343187,19.25,1.39,26.87,0.0,14.45,1.86,26.87,0.0,14.45,0.14,2.02,1.0
2021-01-12 12:31:47.609825,19.34,1.32,25.55,0.0,14.44,1.77,25.55,0.0,14.44,0.15,2.16,1.0
2021-01-12 12:33:47.782880,19.41,1.26,24.56,0.0,14.45,1.7,24.56,0.0,14.45,0.14,2.02,1.0
2021-01-12 12:35:48.028194,19.46,1.21,23.69,0.0,14.45,1.64,23.69,0.0,14.45,0.13,1.87,1.0
2021-01-12 12:37:48.272487,19.51,1.14,22.41,0.0,14.46,1.55,22.41,0.0,14.46,0.15,2.16,1.0
2021-01-12 12:39:48.541818,19.6,1.08,21.22,0.0,14.44,1.47,21.22,0.0,14.44,0.15,2.16,1.0
2021-01-12 12:41:48.783229,19.59,1.05,20.62,0.0,14.42,1.43,20.62,0.0,14.42,0.13,1.87,1.0
2021-01-12 12:43:48.951104,19.68,0.99,19.52,0.0,14.46,1.35,19.52,0.0,14.46,0.16,2.31,1.0
2021-01-12 12:45:49.140301,19.7,0.94,18.65,0.0,14.46,1.29,18.65,0.0,14.46,0.16,2.31,1.0
2021-01-12 12:47:49.391944,19.72,0.89,17.64,0.0,14.46,1.22,17.64,0.0,14.46,0.15,2.16,1.0
2021-01-12 12:49:49.631134,19.79,0.86,17.19,0.0,14.45,1.19,17.19,0.0,14.45,0.13,1.87,1.0
2021-01-12 12:51:49.790283,19.84,0.81,16.2,0.0,14.47,1.12,16.2,0.0,14.47,0.17,2.45,1.0
2021-01-12 12:53:50.040833,19.96,0.78,15.61,0.0,14.46,1.08,15.61,0.0,14.46,0.15,2.16,1.0
2021-01-12 12:55:50.283512,19.96,0.74,14.86,0.0,14.43,1.03,14.86,0.0,14.43,0.14,2.02,1.0
2021-01-12 12:57:50.464229,19.98,0.7,14.18,0.0,14.47,0.98,14.18,0.0,14.47,0.13,1.88,1.0
2021-01-12 12:59:50.709610,19.97,0.67,13.44,0.0,14.46,0.93,13.44,0.0,14.46,0.15,2.16,1.0
2021-01-12 13:01:50.856419,20.04,0.65,13.04,0.0,14.49,0.9,13.04,0.0,14.49,0.15,2.17,1.0
2021-01-12 13:03:51.098343,20.11,0.61,12.27,0.0,14.44,0.85,12.27,0.0,14.44,0.17,2.45,1.0
2021-01-12 13:05:51.352529,20.1,0.58,11.71,0.0,14.46,0.81,11.71,0.0,14.46,0.15,2.16,1.0
2021-01-12 13:07:51.566724,20.06,0.56,11.26,0.0,14.44,0.78,11.26,0.0,14.44,0.15,2.16,1.0
2021-01-12 13:09:51.837130,20.08,0.53,10.73,0.0,14.51,0.74,10.73,0.0,14.51,0.14,2.03,1.0
2021-01-12 13:11:52.060498,20.1,0.51,10.36,0.0,14.4,0.72,10.36,0.0,14.4,0.14,2.01,1.0
2021-01-12 13:13:52.307997,20.12,0.49,9.94,0.0,14.41,0.69,9.94,0.0,14.41,0.14,2.01,1.0
2021-01-12 13:15:52.549530,20.15,0.47,9.54,0.0,14.46,0.66,9.54,0.0,14.46,0.16,2.31,1.0
2021-01-12 13:17:52.806504,20.23,0.45,9.14,0.0,14.52,0.63,9.14,0.0,14.52,0.16,2.32,1.0
2021-01-12 13:19:53.059615,20.26,0.43,8.72,0.0,14.54,0.6,8.72,0.0,14.54,0.15,2.18,1.0
2021-01-12 13:21:53.305232,20.28,0.41,8.43,0.0,14.54,0.58,8.43,0.0,14.54,0.15,2.18,1.0
2021-01-12 13:23:53.572060,20.26,0.4,8.14,0.0,14.54,0.56,8.14,0.0,14.54,0.15,2.18,1.0
2021-01-12 13:25:53.816398,20.27,0.39,7.99,0.0,14.54,0.55,7.99,0.0,14.54,0.14,2.03,1.0
2021-01-12 13:27:54.065809,20.36,0.37,7.57,0.0,14.57,0.52,7.57,0.0,14.57,0.15,2.18,1.0
2021-01-12 13:29:54.315118,20.35,0.36,7.42,0.0,14.55,0.51,7.42,0.0,14.55,0.15,2.18,1.0
2021-01-12 13:31:54.548172,20.35,0.34,7.12,0.0,14.55,0.49,7.12,0.0,14.55,0.15,2.18,1.0
2021-01-12 13:33:54.804921,20.34,0.33,6.83,0.0,14.54,0.47,6.83,0.0,14.54,0.16,2.32,1.0
2021-01-12 13:35:55.067941,20.34,0.32,6.53,0.0,14.52,0.45,6.53,0.0,14.52,0.17,2.46,1.0
2021-01-12 13:37:55.317193,20.32,0.32,6.53,0.0,14.52,0.45,6.53,0.0,14.52,0.14,2.03,1.0
2021-01-12 13:39:55.572685,20.42,0.3,6.27,0.0,14.6,0.43,6.27,0.0,14.6,0.17,2.48,1.0
2021-01-12 13:41:55.829567,20.39,0.29,6.11,0.0,14.57,0.42,6.11,0.0,14.57,0.15,2.18,1.0
2021-01-12 13:43:56.076317,20.34,0.29,5.96,0.0,14.56,0.41,5.96,0.0,14.56,0.18,2.62,1.0
2021-01-12 13:45:56.328729,20.36,0.29,5.97,0.0,14.57,0.41,5.97,0.0,14.57,0.15,2.18,1.0
2021-01-12 13:47:56.551175,20.37,0.27,5.68,0.0,14.57,0.39,5.68,0.0,14.57,0.17,2.47,1.0
2021-01-12 13:49:56.807594,20.38,0.27,5.54,0.0,14.58,0.38,5.54,0.0,14.58,0.14,2.04,1.0
2021-01-12 13:51:57.075174,20.42,0.27,5.54,0.0,14.6,0.38,5.54,0.0,14.6,0.16,2.33,1.0
2021-01-12 13:53:57.326613,20.42,0.27,5.55,0.0,14.62,0.38,5.55,0.0,14.62,0.15,2.19,1.0
2021-01-12 13:55:57.576831,20.39,0.25,5.25,0.0,14.59,0.36,5.25,0.0,14.59,0.14,2.04,1.0
2021-01-12 13:57:57.830836,20.39,0.25,5.25,0.0,14.6,0.36,5.25,0.0,14.6,0.14,2.04,1.0
2021-01-12 13:59:58.077370,20.42,0.24,4.97,0.0,14.63,0.34,4.97,0.0,14.63,0.17,2.48,1.0
2021-01-12 14:01:58.325182,20.44,0.24,4.97,0.0,14.63,0.34,4.97,0.0,14.63,0.16,2.34,1.0
2021-01-12 14:03:58.546785,20.48,0.21,4.47,0.0,13.97,0.32,4.47,0.0,13.97,0.13,1.81,0.99
2021-01-12 14:05:58.802111,20.5,0.21,4.34,0.0,14.0,0.31,4.34,0.0,14.0,0.18,2.52,1.0
2021-01-12 14:07:59.071230,20.44,0.22,4.61,0.0,13.97,0.33,4.61,0.0,13.97,0.15,2.09,0.98
2021-01-12 14:09:59.319256,20.45,0.22,4.6,0.0,13.95,0.33,4.6,0.0,13.95,0.18,2.51,0.98
2021-01-12 14:11:59.510898,20.45,0.21,4.46,0.0,13.95,0.32,4.46,0.0,13.95,0.19,2.65,0.98
2021-01-12 14:13:59.764993,20.49,0.19,4.05,0.0,13.99,0.29,4.05,0.0,13.99,0.15,2.09,1.0
2021-01-12 14:16:00.009140,20.49,0.21,4.48,0.0,14.0,0.32,4.48,0.0,14.0,0.14,1.96,1.0
2021-01-12 14:18:00.252049,20.49,0.19,4.06,0.0,14.0,0.29,4.06,0.0,14.0,0.12,1.68,0.99
2021-01-12 14:20:00.510660,20.51,0.21,4.48,0.0,14.01,0.32,4.48,0.0,14.01,0.17,2.38,1.0
2021-01-12 14:22:00.755984,20.48,0.17,3.63,0.0,13.99,0.26,3.63,0.0,13.99,0.21,2.93,0.99
2021-01-12 14:24:00.947923,20.46,0.2,4.2,0.0,14.0,0.3,4.2,0.0,14.0,0.17,2.38,1.0
2021-01-12 14:26:01.205396,20.44,0.17,3.49,0.0,13.99,0.25,3.49,0.0,13.99,0.18,2.51,0.99
2021-01-12 14:28:01.464342,20.49,0.2,4.2,0.0,14.01,0.3,4.2,0.0,14.01,0.19,2.66,1.0
2021-01-12 14:30:01.715632,20.55,0.21,4.35,0.0,14.05,0.31,4.35,0.0,14.05,0.19,2.66,1.0
2021-01-12 14:32:01.898141,20.55,0.2,4.21,0.0,14.06,0.3,4.21,0.0,14.06,0.22,3.09,1.0
2021-01-12 14:34:02.070666,20.5,0.19,4.06,0.0,14.03,0.29,4.06,0.0,14.03,0.17,2.38,1.0
2021-01-12 14:36:02.287272,20.5,0.21,4.48,0.0,14.01,0.32,4.48,0.0,14.01,0.18,2.52,1.0
2021-01-12 14:38:02.503888,20.56,0.19,3.93,0.0,14.05,0.28,3.93,0.0,14.05,0.22,3.09,1.0
2021-01-12 14:40:02.721698,20.49,0.19,4.06,0.0,14.03,0.29,4.06,0.0,14.03,0.22,3.08,1.0
2021-01-12 14:42:02.866969,20.5,0.17,3.49,0.0,13.99,0.25,3.49,0.0,13.99,0.2,2.79,1.0
2021-01-12 14:44:03.077241,20.5,0.19,4.06,0.0,14.02,0.29,4.06,0.0,14.02,0.17,2.38,1.0
2021-01-12 14:46:03.294242,20.5,0.2,4.2,0.0,14.03,0.3,4.2,0.0,14.03,0.2,2.8,1.0
2021-01-12 14:48:03.546970,20.49,0.2,4.21,0.0,14.04,0.3,4.21,0.0,14.04,0.19,2.66,1.0
2021-01-12 14:50:03.815997,20.53,0.17,3.51,0.0,14.06,0.25,3.51,0.0,14.06,0.19,2.67,1.0
2021-01-12 14:52:03.986300,20.56,0.17,3.51,0.0,14.06,0.25,3.51,0.0,14.06,0.12,1.68,1.0
2021-01-12 14:54:04.245568,20.54,0.19,3.93,0.0,14.05,0.28,3.93,0.0,14.05,0.18,2.52,1.0
2021-01-12 14:56:04.520310,20.55,0.17,3.51,0.0,14.05,0.25,3.51,0.0,14.05,0.13,1.82,1.0
2021-01-12 14:58:04.766261,20.58,0.16,3.37,0.0,14.08,0.24,3.37,0.0,14.08,0.24,3.37,1.0
2021-01-12 15:00:05.035396,20.55,0.19,4.07,0.0,14.05,0.29,4.07,0.0,14.05,0.19,2.66,1.0
2021-01-12 15:02:05.297001,20.6,0.19,3.95,0.0,14.11,0.28,3.95,0.0,14.11,0.18,2.53,1.0
2021-01-12 15:04:05.561197,20.64,0.14,3.09,0.0,14.06,0.22,3.09,0.0,14.06,0.21,2.95,1.0
2021-01-12 15:06:05.804221,20.65,0.18,3.8,0.0,14.08,0.27,3.8,0.0,14.08,0.18,2.53,1.0
2021-01-12 15:08:05.988210,20.61,0.16,3.37,0.0,14.06,0.24,3.37,0.0,14.06,0.24,3.37,1.0
2021-01-12 15:10:06.234943,20.48,0.16,3.35,0.0,13.98,0.24,3.35,0.0,13.98,0.14,1.95,0.98
2021-01-12 15:12:06.496582,14.42,0.14,2.1,0.0,13.13,0.16,2.1,0.0,13.13,0.15,1.96,0.7
2021-01-12 15:14:06.758119,14.26,0.15,2.2,0.0,12.97,0.17,2.2,0.0,12.97,0.18,2.33,0.65
2021-01-12 15:16:07.018941,14.21,0.16,2.32,0.0,12.91,0.18,2.32,0.0,12.91,0.22,2.84,0.63
2021-01-12 15:18:07.210623,14.18,0.11,1.67,0.0,12.9,0.13,1.67,0.0,12.9,0.24,3.09,0.62
2021-01-12 15:20:07.461206,14.19,0.15,2.19,0.0,12.91,0.17,2.19,0.0,12.91,0.19,2.45,0.62
2021-01-12 15:22:07.682787,14.15,0.15,2.18,0.0,12.88,0.17,2.18,0.0,12.88,0.24,3.09,0.62
2021-01-12 15:24:07.828549,14.12,0.11,1.67,0.0,12.86,0.13,1.67,0.0,12.86,0.18,2.31,0.61
2021-01-12 15:26:08.082593,14.13,0.13,1.92,0.0,12.85,0.15,1.92,0.0,12.85,0.18,2.31,0.61
2021-01-12 15:28:08.345441,14.1,0.11,1.66,0.0,12.84,0.13,1.66,0.0,12.84,0.18,2.31,0.6
2021-01-12 15:30:08.562438,14.1,0.1,1.53,0.0,12.82,0.12,1.53,0.0,12.82,0.17,2.17,0.59
2021-01-12 15:32:08.786063,14.08,0.07,1.02,0.0,12.82,0.08,1.02,0.0,12.82,0.24,3.07,0.59
2021-01-12 15:34:09.037931,14.06,0.07,1.02,0.0,12.81,0.08,1.02,0.0,12.81,0.19,2.43,0.59
2021-01-12 15:36:09.294760,14.01,0.08,1.15,0.0,12.78,0.09,1.15,0.0,12.78,0.17,2.17,0.58
2021-01-12 15:38:09.511536,13.99,0.06,0.89,0.0,12.77,0.07,0.89,0.0,12.77,0.24,3.06,0.58
2021-01-12 15:40:09.764559,13.97,0.04,0.63,0.0,12.75,0.05,0.63,0.0,12.75,0.15,1.91,0.57
2021-01-12 15:42:10.032542,13.98,0.03,0.51,0.0,12.75,0.04,0.51,0.0,12.75,0.24,3.06,0.57
2021-01-12 15:44:10.291758,13.96,0.04,0.63,0.0,12.74,0.05,0.63,0.0,12.74,0.24,3.05,0.57
2021-01-12 15:46:10.568653,13.93,0.04,0.63,0.0,12.73,0.05,0.63,0.0,12.73,0.24,3.05,0.56
2021-01-12 15:48:10.836654,13.95,0.03,0.5,0.0,12.72,0.04,0.5,0.0,12.72,0.17,2.16,0.56
2021-01-12 15:50:11.093598,13.95,0.01,0.25,0.0,12.72,0.02,0.25,0.0,12.72,0.19,2.41,0.56
2021-01-12 15:52:11.360161,13.92,0.0,0.0,0.0,12.71,0.0,0.0,0.0,12.71,0.27,3.43,0.56
2021-01-12 15:54:11.614371,13.91,0.0,0.0,0.0,12.7,0.0,0.0,0.0,12.7,0.25,3.17,0.55
2021-01-12 15:56:11.893759,13.89,0.02,0.38,0.0,12.7,0.03,0.38,0.0,12.7,0.23,2.92,0.55
2021-01-12 15:58:12.151600,13.89,0.0,0.12,0.0,12.69,0.01,0.12,0.0,12.69,0.17,2.15,0.55
2021-01-12 16:00:12.392157,13.87,0.01,0.25,0.0,12.69,0.02,0.25,0.0,12.69,0.19,2.41,0.55
2021-01-12 16:02:12.651386,13.85,0.0,0.0,0.0,12.68,0.0,0.0,0.0,12.68,0.27,3.42,0.55
2021-01-12 16:04:12.875167,13.83,0.0,0.0,0.0,12.67,0.0,0.0,0.0,12.67,0.26,3.29,0.54
2021-01-12 16:06:13.151196,13.84,0.01,0.25,0.0,12.67,0.02,0.25,0.0,12.67,0.23,2.91,0.54
2021-01-12 16:08:13.415530,13.83,0.0,0.0,0.0,12.68,0.0,0.0,0.0,12.68,0.19,2.4,0.55
2021-01-12 16:10:13.579608,13.83,0.0,0.0,0.0,12.66,0.0,0.0,0.0,12.66,0.19,2.4,0.54
2021-01-12 16:12:13.826095,13.82,0.0,0.12,0.0,12.64,0.01,0.12,0.0,12.64,0.23,2.9,0.54
2021-01-12 16:14:14.081124,15.11,0.0,0.0,0.0,12.66,0.0,0.0,0.0,12.66,0.23,2.91,0.54
2021-01-12 16:16:14.332046,13.8,0.0,0.0,0.0,12.65,0.0,0.0,0.0,12.65,0.22,2.78,0.54
2021-01-12 16:18:14.551349,13.79,0.0,0.0,0.0,12.65,0.0,0.0,0.0,12.65,0.23,2.9,0.54
2021-01-12 16:20:14.816608,13.76,0.0,0.0,0.0,12.63,0.0,0.0,0.0,12.63,0.16,2.02,0.54
2021-01-12 16:22:15.075549,13.76,0.0,0.0,0.0,12.63,0.0,0.0,0.0,12.63,0.18,2.27,0.53
2021-01-12 16:24:15.332004,13.73,0.0,0.0,0.0,12.64,0.0,0.0,0.0,12.64,0.21,2.65,0.53
2021-01-12 16:26:15.510975,17.26,0.0,0.0,0.0,12.64,0.0,0.0,0.0,12.64,0.24,3.03,0.53
2021-01-12 16:28:15.771259,13.09,0.0,0.0,0.0,12.63,0.0,0.0,0.0,12.63,0.24,3.03,0.53
2021-01-12 16:30:16.043562,15.33,0.0,0.0,0.0,12.63,0.0,0.0,0.0,12.63,0.23,2.9,0.53
2021-01-12 16:32:16.265432,14.11,0.0,0.0,0.0,12.64,0.0,0.0,0.0,12.64,0.23,2.9,0.53
2021-01-12 16:34:16.527029,12.94,0.0,0.0,0.0,12.63,0.0,0.0,0.0,12.63,0.19,2.39,0.53
2021-01-12 16:36:16.785974,12.91,0.0,0.0,0.0,12.63,0.0,0.0,0.0,12.63,0.25,3.15,0.53
2021-01-12 16:38:17.051964,12.73,0.0,0.0,0.0,12.62,0.0,0.0,0.0,12.62,0.27,3.4,0.53
2021-01-12 16:40:17.277566,12.68,0.0,0.0,0.0,12.62,0.0,0.0,0.0,12.62,0.21,2.65,0.53
2021-01-12 16:42:17.506513,12.64,0.0,0.0,0.0,12.63,0.0,0.0,0.0,12.63,0.23,2.9,0.52
2021-01-12 16:44:17.767961,12.62,0.0,0.0,0.0,12.62,0.0,0.0,0.0,12.62,0.21,2.65,0.53
2021-01-12 16:46:18.029442,12.59,0.0,0.0,0.0,12.62,0.0,0.0,0.0,12.62,0.2,2.52,0.53
2021-01-12 16:48:18.295951,12.59,0.0,0.0,0.0,12.6,0.0,0.0,0.0,12.6,0.23,2.89,0.52
2021-01-12 16:50:18.546138,12.57,0.0,0.0,0.0,12.6,0.0,0.0,0.0,12.6,0.24,3.02,0.52
2021-01-12 16:52:18.813914,12.55,0.0,0.0,0.0,12.6,0.0,0.0,0.0,12.6,0.22,2.77,0.52
2021-01-12 16:54:19.070416,12.53,0.0,0.0,0.0,12.6,0.0,0.0,0.0,12.6,0.18,2.26,0.52
2021-01-12 16:56:19.329356,12.52,0.0,0.0,0.0,12.6,0.0,0.0,0.0,12.6,0.18,2.26,0.52
2021-01-12 16:58:19.579593,12.5,0.0,0.0,0.0,12.6,0.0,0.0,0.0,12.6,0.19,2.39,0.52
2021-01-12 17:00:19.811128,12.47,0.0,0.0,0.0,12.6,0.0,0.0,0.0,12.6,0.23,2.89,0.52
2021-01-12 17:02:20.076339,12.4,0.0,0.0,0.0,12.58,0.0,0.0,0.0,12.58,0.21,2.64,0.51
2021-01-12 17:04:20.331588,12.01,0.0,0.0,0.0,12.58,0.0,0.0,0.0,12.58,0.23,2.89,0.51
2021-01-12 17:06:20.579344,11.05,0.0,0.0,0.0,12.58,0.0,0.0,0.0,12.58,0.16,2.01,0.51
2021-01-12 17:08:20.826827,9.98,0.0,0.0,0.0,12.58,0.0,0.0,0.0,12.58,0.2,2.51,0.51
2021-01-12 17:10:21.053577,8.83,0.0,0.0,0.0,12.58,0.0,0.0,0.0,12.58,0.2,2.51,0.51
2021-01-12 17:12:21.319936,7.57,0.0,0.0,0.0,12.57,0.0,0.0,0.0,12.57,0.22,2.76,0.51
2021-01-12 17:14:21.513761,6.18,0.0,0.0,0.0,12.57,0.0,0.0,0.0,12.57,0.21,2.63,0.51
2021-01-12 17:16:21.798782,4.81,0.0,0.0,0.0,12.57,0.0,0.0,0.0,12.57,0.27,3.39,0.51
2021-01-12 17:18:22.060133,3.56,0.0,0.0,0.0,12.57,0.0,0.0,0.0,12.57,0.19,2.38,0.51
2021-01-12 17:20:22.326504,2.54,0.0,0.0,0.0,12.57,0.0,0.0,0.0,12.57,0.19,2.38,0.51
2021-01-12 17:22:22.549149,1.82,0.0,0.0,0.0,12.57,0.0,0.0,0.0,12.57,0.23,2.89,0.51
2021-01-12 17:24:22.804311,1.29,0.0,0.0,0.0,12.57,0.0,0.0,0.0,12.57,0.21,2.63,0.51
2021-01-12 17:26:23.064475,0.94,0.0,0.0,0.0,12.57,0.0,0.0,0.0,12.57,0.22,2.76,0.51
2021-01-12 17:28:23.315903,0.7,0.0,0.0,0.0,12.56,0.0,0.0,0.0,12.56,0.2,2.51,0.5
2021-01-12 17:30:23.509950,0.54,0.0,0.0,0.0,12.56,0.0,0.0,0.0,12.56,0.21,2.63,0.5
2021-01-12 17:32:23.770142,0.44,0.0,0.0,0.0,12.56,0.0,0.0,0.0,12.56,0.26,3.26,0.5
2021-01-12 17:34:24.041591,0.34,0.0,0.0,0.0,12.56,0.0,0.0,0.0,12.56,0.24,3.01,0.5
2021-01-12 17:36:24.300517,0.29,0.0,0.0,0.0,12.56,0.0,0.0,0.0,12.56,0.23,2.88,0.5
2021-01-12 17:38:24.556952,0.24,0.0,0.0,0.0,12.56,0.0,0.0,0.0,12.56,0.18,2.26,0.5
2021-01-12 17:40:24.820966,0.19,0.0,0.0,0.0,12.54,0.0,0.0,0.0,12.54,0.22,2.75,0.5
2021-01-12 17:42:25.081129,0.17,0.0,0.0,0.0,12.55,0.0,0.0,0.0,12.55,0.23,2.88,0.5
2021-01-12 17:44:25.331016,0.15,0.0,0.0,0.0,12.55,0.0,0.0,0.0,12.55,0.2,2.51,0.5
2021-01-12 17:46:25.512057,0.13,0.0,0.0,0.0,12.55,0.0,0.0,0.0,12.55,0.23,2.88,0.5
2021-01-12 17:48:25.790707,0.12,0.0,0.0,0.0,12.55,0.0,0.0,0.0,12.55,0.27,3.38,0.5
2021-01-12 17:50:26.049517,0.12,0.0,0.0,0.0,12.53,0.0,0.0,0.0,12.53,0.24,3.0,0.5
2021-01-12 17:52:26.310591,0.12,0.0,0.0,0.0,12.54,0.0,0.0,0.0,12.54,0.21,2.63,0.5
2021-01-12 17:54:26.550595,0.12,0.0,0.0,0.0,12.54,0.0,0.0,0.0,12.54,0.27,3.38,0.5
2021-01-12 17:56:26.816895,0.1,0.0,0.0,0.0,12.54,0.0,0.0,0.0,12.54,0.22,2.75,0.5
2021-01-12 17:58:27.071959,0.1,0.0,0.0,0.0,12.54,0.0,0.0,0.0,12.54,0.22,2.75,0.5
2021-01-12 18:00:27.332032,0.1,0.0,0.0,0.0,12.53,0.0,0.0,0.0,12.53,0.21,2.63,0.5
2021-01-12 18:02:27.512162,0.1,0.0,0.0,0.0,12.53,0.0,0.0,0.0,12.53,0.2,2.5,0.5
2021-01-12 18:04:27.789733,0.1,0.0,0.0,0.0,12.53,0.0,0.0,0.0,12.53,0.22,2.75,0.5
2021-01-12 18:06:28.062346,0.11,0.0,0.0,0.0,12.53,0.0,0.0,0.0,12.53,0.21,2.63,0.49
2021-01-12 18:08:28.326242,0.11,0.0,0.0,0.0,12.53,0.0,0.0,0.0,12.53,0.22,2.75,0.49
2021-01-12 18:10:28.578848,0.11,0.0,0.0,0.0,12.53,0.0,0.0,0.0,12.53,0.19,2.38,0.49
2021-01-12 18:12:28.832720,0.11,0.0,0.0,0.0,12.53,0.0,0.0,0.0,12.53,0.21,2.63,0.49
2021-01-12 18:14:29.080538,0.11,0.0,0.0,0.0,12.53,0.0,0.0,0.0,12.53,0.2,2.5,0.49
2021-01-12 18:16:29.330641,0.12,0.0,0.0,0.0,12.51,0.0,0.0,0.0,12.51,0.23,2.87,0.49
2021-01-12 18:18:29.506961,0.12,0.0,0.0,0.0,12.53,0.0,0.0,0.0,12.53,0.25,3.13,0.49
2021-01-12 18:20:29.767206,0.12,0.0,0.0,0.0,12.53,0.0,0.0,0.0,12.53,0.21,2.63,0.49
2021-01-12 18:22:30.028558,0.12,0.0,0.0,0.0,12.52,0.0,0.0,0.0,12.52,0.24,3.0,0.49
2021-01-12 18:24:30.296154,0.12,0.0,0.0,0.0,12.52,0.0,0.0,0.0,12.52,0.22,2.75,0.49
2021-01-12 18:26:30.550128,0.12,0.0,0.0,0.0,12.51,0.0,0.0,0.0,12.51,0.22,2.75,0.49
2021-01-12 18:28:30.814185,0.12,0.0,0.0,0.0,12.51,0.0,0.0,0.0,12.51,0.24,3.0,0.49
2021-01-12 18:30:31.079371,0.12,0.0,0.0,0.0,12.51,0.0,0.0,0.0,12.51,0.23,2.87,0.49
2021-01-12 18:32:31.332004,0.12,0.0,0.0,0.0,12.51,0.0,0.0,0.0,12.51,0.21,2.62,0.49
2021-01-12 18:34:31.582140,0.12,0.0,0.0,0.0,12.51,0.0,0.0,0.0,12.51,0.21,2.62,0.49
2021-01-12 18:36:31.829890,0.11,0.0,0.0,0.0,12.51,0.0,0.0,0.0,12.51,0.23,2.87,0.49
2021-01-12 18:38:32.080030,0.11,0.0,0.0,0.0,12.51,0.0,0.0,0.0,12.51,0.21,2.62,0.49
2021-01-12 18:40:32.328896,0.11,0.0,0.0,0.0,12.5,0.0,0.0,0.0,12.5,0.24,3.0,0.48
2021-01-12 18:42:32.576534,0.11,0.0,0.0,0.0,12.5,0.0,0.0,0.0,12.5,0.21,2.62,0.48
2021-01-12 18:44:32.829303,0.11,0.0,0.0,0.0,12.5,0.0,0.0,0.0,12.5,0.22,2.75,0.48
2021-01-12 18:46:33.075838,0.11,0.0,0.0,0.0,12.5,0.0,0.0,0.0,12.5,0.22,2.75,0.48
2021-01-12 18:48:33.328457,0.11,0.0,0.0,0.0,12.51,0.0,0.0,0.0,12.51,0.23,2.87,0.49
2021-01-12 18:50:33.509971,0.11,0.0,0.0,0.0,12.5,0.0,0.0,0.0,12.5,0.23,2.87,0.48
2021-01-12 18:52:33.781755,0.11,0.0,0.0,0.0,12.5,0.0,0.0,0.0,12.5,0.24,3.0,0.48
2021-01-12 18:54:34.063796,0.11,0.0,0.0,0.0,12.5,0.0,0.0,0.0,12.5,0.23,2.87,0.48
2021-01-12 18:56:34.333129,0.11,0.0,0.0,0.0,12.5,0.0,0.0,0.0,12.5,0.22,2.75,0.48
2021-01-12 18:58:34.546192,0.11,0.0,0.0,0.0,12.48,0.0,0.0,0.0,12.48,0.23,2.87,0.48
2021-01-12 19:00:34.789158,0.11,0.0,0.0,0.0,12.48,0.0,0.0,0.0,12.48,0.23,2.87,0.48
2021-01-12 19:02:35.062092,0.11,0.0,0.0,0.0,12.49,0.0,0.0,0.0,12.49,0.22,2.74,0.48
2021-01-12 19:04:35.332449,0.11,0.0,0.0,0.0,12.49,0.0,0.0,0.0,12.49,0.23,2.87,0.48
2021-01-12 19:06:35.509075,0.11,0.0,0.0,0.0,12.49,0.0,0.0,0.0,12.49,0.23,2.87,0.48
2021-01-12 19:08:35.768274,0.11,0.0,0.0,0.0,12.49,0.0,0.0,0.0,12.49,0.24,2.99,0.48
2021-01-12 19:10:36.031330,0.11,0.0,0.0,0.0,12.47,0.0,0.0,0.0,12.47,0.23,2.86,0.47
2021-01-12 19:12:36.304178,0.11,0.0,0.0,0.0,12.48,0.0,0.0,0.0,12.48,0.23,2.87,0.48
2021-01-12 19:14:36.560627,0.11,0.0,0.0,0.0,12.48,0.0,0.0,0.0,12.48,0.22,2.74,0.48
2021-01-12 19:16:36.825885,0.11,0.0,0.0,0.0,12.48,0.0,0.0,0.0,12.48,0.23,2.87,0.48
2021-01-12 19:18:37.106670,0.11,0.0,0.0,0.0,12.48,0.0,0.0,0.0,12.48,0.24,2.99,0.48
2021-01-12 19:20:37.330138,0.11,0.0,0.0,0.0,12.48,0.0,0.0,0.0,12.48,0.23,2.87,0.48
2021-01-12 19:22:37.510368,0.11,0.0,0.0,0.0,12.46,0.0,0.0,0.0,12.46,0.22,2.74,0.47
2021-01-12 19:24:37.773135,0.11,0.0,0.0,0.0,12.48,0.0,0.0,0.0,12.48,0.23,2.87,0.48
2021-01-12 19:26:38.046553,0.13,0.0,0.0,0.0,12.48,0.0,0.0,0.0,12.48,0.23,2.87,0.48
2021-01-12 19:28:38.298391,0.15,0.0,0.0,0.0,12.48,0.0,0.0,0.0,12.48,0.23,2.87,0.48
2021-01-12 19:30:38.576657,0.15,0.0,0.0,0.0,12.46,0.0,0.0,0.0,12.46,0.23,2.86,0.47
2021-01-12 19:32:38.861208,0.15,0.0,0.0,0.0,12.46,0.0,0.0,0.0,12.46,0.23,2.86,0.47
2021-01-12 19:34:39.125950,0.13,0.0,0.0,0.0,12.47,0.0,0.0,0.0,12.47,0.21,2.61,0.47
2021-01-12 19:36:39.413196,0.13,0.0,0.0,0.0,12.47,0.0,0.0,0.0,12.47,0.22,2.74,0.47
2021-01-12 19:38:39.684354,0.12,0.0,0.0,0.0,12.47,0.0,0.0,0.0,12.47,0.24,2.99,0.47
2021-01-12 19:40:39.944290,0.12,0.0,0.0,0.0,12.45,0.0,0.0,0.0,12.45,0.23,2.86,0.47
2021-01-12 19:42:40.190383,0.11,0.0,0.0,0.0,12.46,0.0,0.0,0.0,12.46,0.22,2.74,0.47
2021-01-12 19:44:40.474252,0.11,0.0,0.0,0.0,12.46,0.0,0.0,0.0,12.46,0.23,2.86,0.47
2021-01-12 19:46:40.732736,0.11,0.0,0.0,0.0,12.46,0.0,0.0,0.0,12.46,0.24,2.99,0.47
2021-01-12 19:48:41.012757,0.13,0.0,0.0,0.0,12.46,0.0,0.0,0.0,12.46,0.22,2.74,0.47
2021-01-12 19:50:41.287582,0.13,0.0,0.0,0.0,12.47,0.0,0.0,0.0,12.47,0.25,3.11,0.47
2021-01-12 19:52:41.551520,0.13,0.0,0.0,0.0,12.46,0.0,0.0,0.0,12.46,0.22,2.74,0.47
2021-01-12 19:54:41.830230,0.15,0.0,0.0,0.0,12.46,0.0,0.0,0.0,12.46,0.24,2.99,0.47
2021-01-12 19:56:42.085281,0.13,0.0,0.0,0.0,12.44,0.0,0.0,0.0,12.44,0.24,2.98,0.47
2021-01-12 19:58:42.366550,0.15,0.0,0.0,0.0,12.44,0.0,0.0,0.0,12.44,0.24,2.98,0.47
2021-01-12 20:00:42.643319,0.15,0.0,0.0,0.0,12.44,0.0,0.0,0.0,12.44,0.23,2.86,0.47
2021-01-12 20:02:42.925501,0.15,0.0,0.0,0.0,12.44,0.0,0.0,0.0,12.44,0.23,2.86,0.47
2021-01-12 20:04:43.220011,0.17,0.0,0.0,0.0,12.44,0.0,0.0,0.0,12.44,0.23,2.86,0.47
2021-01-12 20:06:43.487042,0.17,0.0,0.0,0.0,12.44,0.0,0.0,0.0,12.44,0.23,2.86,0.47
2021-01-12 20:08:43.771285,0.17,0.0,0.0,0.0,12.44,0.0,0.0,0.0,12.44,0.23,2.86,0.47
2021-01-12 20:10:43.974317,0.15,0.0,0.0,0.0,12.44,0.0,0.0,0.0,12.44,0.24,2.98,0.47
2021-01-12 20:12:44.237169,0.16,0.0,0.0,0.0,12.44,0.0,0.0,0.0,12.44,0.22,2.73,0.47
2021-01-12 20:14:44.507603,0.16,0.0,0.0,0.0,12.44,0.0,0.0,0.0,12.44,0.23,2.86,0.47
2021-01-12 20:16:44.784192,0.16,0.0,0.0,0.0,12.44,0.0,0.0,0.0,12.44,0.23,2.86,0.47
2021-01-12 20:18:45.068526,0.16,0.0,0.0,0.0,12.44,0.0,0.0,0.0,12.44,0.26,3.23,0.47
2021-01-12 20:20:45.344588,0.18,0.0,0.0,0.0,12.45,0.0,0.0,0.0,12.45,0.23,2.86,0.47
2021-01-12 20:22:45.622366,0.2,0.0,0.0,0.0,12.43,0.0,0.0,0.0,12.43,0.22,2.73,0.46
2021-01-12 20:24:45.866321,0.18,0.0,0.0,0.0,12.43,0.0,0.0,0.0,12.43,0.23,2.85,0.46
2021-01-12 20:26:46.144102,0.2,0.0,0.0,0.0,12.43,0.0,0.0,0.0,12.43,0.23,2.85,0.46
2021-01-12 20:28:46.426733,0.23,0.0,0.0,0.0,12.43,0.0,0.0,0.0,12.43,0.24,2.98,0.46
2021-01-12 20:30:46.710661,0.25,0.0,0.0,0.0,12.43,0.0,0.0,0.0,12.43,0.23,2.85,0.46
2021-01-12 20:32:46.995852,0.27,0.0,0.0,0.0,12.43,0.0,0.0,0.0,12.43,0.23,2.85,0.46
2021-01-12 20:34:47.278535,0.27,0.0,0.0,0.0,12.43,0.0,0.0,0.0,12.43,0.24,2.98,0.46
2021-01-12 20:36:47.542508,0.27,0.0,0.0,0.0,12.43,0.0,0.0,0.0,12.43,0.24,2.98,0.46
2021-01-12 20:38:47.825012,0.25,0.0,0.0,0.0,12.42,0.0,0.0,0.0,12.42,0.22,2.73,0.46
2021-01-12 20:40:48.110112,0.25,0.0,0.0,0.0,12.41,0.0,0.0,0.0,12.41,0.22,2.73,0.46
2021-01-12 20:42:48.397761,0.25,0.0,0.0,0.0,12.42,0.0,0.0,0.0,12.42,0.24,2.98,0.46
2021-01-12 20:44:48.680213,0.25,0.0,0.0,0.0,12.42,0.0,0.0,0.0,12.42,0.25,3.1,0.46
2021-01-12 20:46:48.926832,0.25,0.0,0.0,0.0,12.42,0.0,0.0,0.0,12.42,0.21,2.6,0.46
2021-01-12 20:48:49.213207,0.25,0.0,0.0,0.0,12.41,0.0,0.0,0.0,12.41,0.23,2.85,0.46
2021-01-12 20:50:49.492128,0.25,0.0,0.0,0.0,12.41,0.0,0.0,0.0,12.41,0.23,2.85,0.46
2021-01-12 20:52:49.779781,0.23,0.0,0.0,0.0,12.41,0.0,0.0,0.0,12.41,0.23,2.85,0.46
2021-01-12 20:54:50.054921,0.21,0.0,0.0,0.0,12.41,0.0,0.0,0.0,12.41,0.22,2.73,0.46
2021-01-12 20:56:50.345104,0.19,0.0,0.0,0.0,12.41,0.0,0.0,0.0,12.41,0.23,2.85,0.46
2021-01-12 20:58:50.628975,0.19,0.0,0.0,0.0,12.41,0.0,0.0,0.0,12.41,0.23,2.85,0.46
2021-01-12 21:00:50.916651,0.2,0.0,0.0,0.0,12.41,0.0,0.0,0.0,12.41,0.23,2.85,0.46
2021-01-12 21:02:51.181804,0.2,0.0,0.0,0.0,12.41,0.0,0.0,0.0,12.41,0.23,2.85,0.46
2021-01-12 21:04:51.463259,0.22,0.0,0.0,0.0,12.4,0.0,0.0,0.0,12.4,0.22,2.72,0.45
2021-01-12 21:06:51.754605,0.2,0.0,0.0,0.0,12.4,0.0,0.0,0.0,12.4,0.24,2.97,0.45
2021-01-12 21:08:52.038730,0.2,0.0,0.0,0.0,12.4,0.0,0.0,0.0,12.4,0.23,2.85,0.45
2021-01-12 21:10:52.314084,0.2,0.0,0.0,0.0,12.4,0.0,0.0,0.0,12.4,0.22,2.72,0.45
2021-01-12 21:12:52.600532,0.22,0.0,0.0,0.0,12.38,0.0,0.0,0.0,12.38,0.23,2.84,0.45
2021-01-12 21:14:52.888234,0.22,0.0,0.0,0.0,12.4,0.0,0.0,0.0,12.4,0.23,2.85,0.45
2021-01-12 21:16:53.152362,0.22,0.0,0.0,0.0,12.39,0.0,0.0,0.0,12.39,0.23,2.84,0.45
2021-01-12 21:18:53.426307,0.24,0.0,0.0,0.0,12.39,0.0,0.0,0.0,12.39,0.24,2.97,0.45
2021-01-12 21:20:53.717791,0.24,0.0,0.0,0.0,12.39,0.0,0.0,0.0,12.39,0.24,2.97,0.45
2021-01-12 21:22:53.996873,0.24,0.0,0.0,0.0,12.39,0.0,0.0,0.0,12.39,0.23,2.84,0.45
2021-01-12 21:24:54.290812,0.25,0.0,0.0,0.0,12.39,0.0,0.0,0.0,12.39,0.23,2.84,0.45
2021-01-12 21:26:54.593591,0.27,0.0,0.0,0.0,12.39,0.0,0.0,0.0,12.39,0.24,2.97,0.45
2021-01-12 21:28:54.849947,0.27,0.0,0.0,0.0,12.39,0.0,0.0,0.0,12.39,0.24,2.97,0.45
2021-01-12 21:30:55.136404,0.26,0.0,0.0,0.0,12.38,0.0,0.0,0.0,12.38,0.23,2.84,0.45
2021-01-12 21:32:55.429081,0.26,0.0,0.0,0.0,12.38,0.0,0.0,0.0,12.38,0.23,2.84,0.45
2021-01-12 21:34:55.635484,0.26,0.0,0.0,0.0,12.38,0.0,0.0,0.0,12.38,0.22,2.72,0.45
2021-01-12 21:36:55.923302,0.24,0.0,0.0,0.0,12.4,0.0,0.0,0.0,12.4,0.23,2.85,0.45
2021-01-12 21:38:56.193724,0.22,0.0,0.0,0.0,12.38,0.0,0.0,0.0,12.38,0.23,2.84,0.45
2021-01-12 21:40:56.394006,0.18,0.0,0.0,0.0,12.38,0.0,0.0,0.0,12.38,0.22,2.72,0.45
2021-01-12 21:42:56.671393,0.16,0.0,0.0,0.0,12.38,0.0,0.0,0.0,12.38,0.23,2.84,0.45
2021-01-12 21:44:56.939542,0.14,0.0,0.0,0.0,12.37,0.0,0.0,0.0,12.37,0.24,2.96,0.44
2021-01-12 21:46:57.210340,0.12,0.0,0.0,0.0,12.38,0.0,0.0,0.0,12.38,0.23,2.84,0.45
2021-01-12 21:48:57.473977,0.12,0.0,0.0,0.0,12.37,0.0,0.0,0.0,12.37,0.23,2.84,0.44
2021-01-12 21:50:57.659832,0.12,0.0,0.0,0.0,12.37,0.0,0.0,0.0,12.37,0.24,2.96,0.44
2021-01-12 21:52:57.923608,0.12,0.0,0.0,0.0,12.37,0.0,0.0,0.0,12.37,0.22,2.72,0.44
2021-01-12 21:54:58.209714,0.12,0.0,0.0,0.0,12.37,0.0,0.0,0.0,12.37,0.23,2.84,0.44
2021-01-12 21:56:58.409585,0.12,0.0,0.0,0.0,12.37,0.0,0.0,0.0,12.37,0.23,2.84,0.44
2021-01-12 21:58:58.693381,0.12,0.0,0.0,0.0,12.37,0.0,0.0,0.0,12.37,0.24,2.96,0.44
2021-01-12 22:00:58.977176,0.12,0.0,0.0,0.0,12.37,0.0,0.0,0.0,12.37,0.23,2.84,0.44
2021-01-12 22:02:59.262177,0.12,0.0,0.0,0.0,12.37,0.0,0.0,0.0,12.37,0.24,2.96,0.44
2021-01-12 22:04:59.498387,0.12,0.0,0.0,0.0,12.37,0.0,0.0,0.0,12.37,0.24,2.96,0.44
2021-01-12 22:06:59.786002,0.12,0.0,0.0,0.0,12.37,0.0,0.0,0.0,12.37,0.23,2.84,0.44
2021-01-12 22:09:00.082256,0.11,0.0,0.0,0.0,12.37,0.0,0.0,0.0,12.37,0.23,2.84,0.44
2021-01-12 22:11:00.363629,0.11,0.0,0.0,0.0,12.37,0.0,0.0,0.0,12.37,0.24,2.96,0.44
2021-01-12 22:13:00.653752,0.11,0.0,0.0,0.0,12.36,0.0,0.0,0.0,12.36,0.22,2.71,0.44
2021-01-12 22:15:00.917420,0.11,0.0,0.0,0.0,12.36,0.0,0.0,0.0,12.36,0.23,2.84,0.44
2021-01-12 22:17:01.069164,0.11,0.0,0.0,0.0,12.36,0.0,0.0,0.0,12.36,0.24,2.96,0.44
2021-01-12 22:19:01.351748,0.11,0.0,0.0,0.0,12.36,0.0,0.0,0.0,12.36,0.24,2.96,0.44
2021-01-12 22:21:01.522829,0.11,0.0,0.0,0.0,12.36,0.0,0.0,0.0,12.36,0.32,3.95,0.44
2021-01-12 22:23:01.687019,0.11,0.0,0.0,0.0,12.36,0.0,0.0,0.0,12.36,0.24,2.96,0.44
2021-01-12 22:25:01.960462,0.11,0.0,0.0,0.0,12.36,0.0,0.0,0.0,12.36,0.24,2.96,0.44
2021-01-12 22:27:02.222458,0.11,0.0,0.0,0.0,12.35,0.0,0.0,0.0,12.35,0.32,3.95,0.44
2021-01-12 22:29:02.441588,0.12,0.0,0.0,0.0,12.35,0.0,0.0,0.0,12.35,0.23,2.84,0.44
2021-01-12 22:31:02.723053,0.11,0.0,0.0,0.0,12.35,0.0,0.0,0.0,12.35,0.25,3.08,0.44
2021-01-12 22:33:02.911995,0.11,0.0,0.0,0.0,12.35,0.0,0.0,0.0,12.35,0.23,2.84,0.44
2021-01-12 22:35:03.199781,0.11,0.0,0.0,0.0,12.35,0.0,0.0,0.0,12.35,0.23,2.84,0.44
2021-01-12 22:37:03.435778,0.11,0.0,0.0,0.0,12.35,0.0,0.0,0.0,12.35,0.24,2.96,0.44
2021-01-12 22:39:03.682706,0.11,0.0,0.0,0.0,12.35,0.0,0.0,0.0,12.35,0.24,2.96,0.44
2021-01-12 22:41:03.921595,0.11,0.0,0.0,0.0,12.35,0.0,0.0,0.0,12.35,0.23,2.84,0.44
2021-01-12 22:43:04.219261,0.11,0.0,0.0,0.0,12.35,0.0,0.0,0.0,12.35,0.25,3.08,0.44
2021-01-12 22:45:04.456851,0.11,0.0,0.0,0.0,12.35,0.0,0.0,0.0,12.35,0.23,2.84,0.44
2021-01-12 22:47:04.733253,0.11,0.0,0.0,0.0,12.35,0.0,0.0,0.0,12.35,0.26,3.21,0.44
2021-01-12 22:49:05.023512,0.11,0.0,0.0,0.0,12.33,0.0,0.0,0.0,12.33,0.23,2.83,0.43
2021-01-12 22:51:05.300030,0.11,0.0,0.0,0.0,12.34,0.0,0.0,0.0,12.34,0.24,2.96,0.43
2021-01-12 22:53:05.582004,0.11,0.0,0.0,0.0,12.34,0.0,0.0,0.0,12.34,0.23,2.83,0.43
2021-01-12 22:55:05.867526,0.11,0.0,0.0,0.0,12.34,0.0,0.0,0.0,12.34,0.23,2.83,0.43
2021-01-12 22:57:06.141732,0.11,0.0,0.0,0.0,12.34,0.0,0.0,0.0,12.34,0.23,2.83,0.43
2021-01-12 22:59:06.433551,0.11,0.0,0.0,0.0,12.34,0.0,0.0,0.0,12.34,0.25,3.08,0.43
2021-01-12 23:01:06.628830,0.11,0.0,0.0,0.0,12.34,0.0,0.0,0.0,12.34,0.25,3.08,0.43
2021-01-12 23:03:06.915427,0.1,0.0,0.0,0.0,12.33,0.0,0.0,0.0,12.33,0.24,2.95,0.43
2021-01-12 23:05:07.212731,0.12,0.0,0.0,0.0,12.33,0.0,0.0,0.0,12.33,0.25,3.08,0.43
2021-01-12 23:07:07.448413,0.12,0.0,0.0,0.0,12.33,0.0,0.0,0.0,12.33,0.23,2.83,0.43
2021-01-12 23:09:07.729928,0.12,0.0,0.0,0.0,12.33,0.0,0.0,0.0,12.33,0.23,2.83,0.43
2021-01-12 23:11:07.916376,0.12,0.0,0.0,0.0,12.33,0.0,0.0,0.0,12.33,0.23,2.83,0.43
2021-01-12 23:13:08.192852,0.12,0.0,0.0,0.0,12.33,0.0,0.0,0.0,12.33,0.23,2.83,0.43
2021-01-12 23:15:08.401805,0.12,0.0,0.0,0.0,12.33,0.0,0.0,0.0,12.33,0.23,2.83,0.43
2021-01-12 23:17:08.674471,0.12,0.0,0.0,0.0,12.33,0.0,0.0,0.0,12.33,0.23,2.83,0.43
2021-01-12 23:19:08.882174,0.12,0.0,0.0,0.0,12.31,0.0,0.0,0.0,12.31,0.24,2.95,0.42
2021-01-12 23:21:09.157402,0.12,0.0,0.0,0.0,12.33,0.0,0.0,0.0,12.33,0.23,2.83,0.43
2021-01-12 23:23:09.367541,0.12,0.0,0.0,0.0,12.33,0.0,0.0,0.0,12.33,0.23,2.83,0.43
2021-01-12 23:25:09.659056,0.12,0.0,0.0,0.0,12.33,0.0,0.0,0.0,12.33,0.23,2.83,0.43
2021-01-12 23:27:09.857087,0.12,0.0,0.0,0.0,12.32,0.0,0.0,0.0,12.32,0.25,3.08,0.43
2021-01-12 23:29:10.066188,0.12,0.0,0.0,0.0,12.32,0.0,0.0,0.0,12.32,0.24,2.95,0.43
2021-01-12 23:31:10.349016,0.12,0.0,0.0,0.0,12.32,0.0,0.0,0.0,12.32,0.25,3.08,0.43
2021-01-12 23:33:10.640579,0.12,0.0,0.0,0.0,12.32,0.0,0.0,0.0,12.32,0.24,2.95,0.43
2021-01-12 23:35:10.904591,0.12,0.0,0.0,0.0,12.32,0.0,0.0,0.0,12.32,0.24,2.95,0.43
2021-01-12 23:37:11.168613,0.12,0.0,0.0,0.0,12.32,0.0,0.0,0.0,12.32,0.24,2.95,0.43
2021-01-12 23:39:11.437774,0.12,0.0,0.0,0.0,12.3,0.0,0.0,0.0,12.3,0.25,3.07,0.42
2021-01-12 23:41:11.666735,0.12,0.0,0.0,0.0,12.32,0.0,0.0,0.0,12.32,0.23,2.83,0.43
2021-01-12 23:43:11.956974,0.12,0.0,0.0,0.0,12.3,0.0,0.0,0.0,12.3,0.25,3.07,0.42
2021-01-12 23:45:12.237165,0.12,0.0,0.0,0.0,12.3,0.0,0.0,0.0,12.3,0.24,2.95,0.42
2021-01-12 23:47:12.529916,0.12,0.0,0.0,0.0,12.3,0.0,0.0,0.0,12.3,0.24,2.95,0.42
2021-01-12 23:49:12.800104,0.12,0.0,0.0,0.0,12.3,0.0,0.0,0.0,12.3,0.25,3.07,0.42
2021-01-12 23:51:13.074143,0.12,0.0,0.0,0.0,12.3,0.0,0.0,0.0,12.3,0.25,3.07,0.42
2021-01-12 23:53:13.362821,0.12,0.0,0.0,0.0,12.3,0.0,0.0,0.0,12.3,0.3,3.69,0.42
2021-01-12 23:55:13.578353,0.12,0.0,0.0,0.0,12.3,0.0,0.0,0.0,12.3,0.24,2.95,0.42
2021-01-12 23:57:13.874800,0.12,0.0,0.0,0.0,12.3,0.0,0.0,0.0,12.3,0.24,2.95,0.42
2021-01-12 23:59:14.111158,0.12,0.0,0.0,0.0,12.31,0.0,0.0,0.0,12.31,0.24,2.95,0.42
